PayrollID,EmployeeID,PayMonth,BasicSalary,Bonus,Deductions,NetSalary
1,1,2026-01-01,35000,0,2000,33000
2,1,2026-02-01,35000,2000,2000,35000
3,1,2026-03-01,35000,1000,1500,34500
4,1,2026-04-01,35000,2000,1000,36000
5,1,2026-05-01,35000,0,2000,33000
6,1,2026-06-01,35000,3000,2000,36000
7,1,2026-07-01,35000,0,1500,33500
8,1,2026-08-01,35000,3000,1000,37000
9,1,2026-09-01,35000,0,1500,33500
10,1,2026-10-01,35000,0,1000,34000
11,1,2026-11-01,35000,1000,1000,35000
12,1,2026-12-01,35000,3000,1500,36500
13,2,2026-01-01,45000,0,1500,43500
14,2,2026-02-01,45000,1000,1500,44500
15,2,2026-03-01,45000,5000,1000,49000
16,2,2026-04-01,45000,2000,2000,45000
17,2,2026-05-01,45000,3000,1000,47000
18,2,2026-06-01,45000,2000,1000,46000
19,2,2026-07-01,45000,5000,1500,48500
20,2,2026-08-01,45000,2000,2000,45000
21,2,2026-09-01,45000,5000,500,49500
22,2,2026-10-01,45000,0,2000,43000
23,2,2026-11-01,45000,3000,1000,47000
24,2,2026-12-01,45000,3000,500,47500
25,3,2026-01-01,65000,2000,500,66500
26,3,2026-02-01,65000,5000,500,69500
27,3,2026-03-01,65000,3000,500,67500
28,3,2026-04-01,65000,1000,1500,64500
29,3,2026-05-01,65000,2000,500,66500
30,3,2026-06-01,65000,0,1000,64000
31,3,2026-07-01,65000,3000,2000,66000
32,3,2026-08-01,65000,1000,500,65500
33,3,2026-09-01,65000,1000,2000,64000
34,3,2026-10-01,65000,2000,1000,66000
35,3,2026-11-01,65000,3000,2000,66000
36,3,2026-12-01,65000,5000,1500,68500
37,4,2026-01-01,45000,2000,500,46500
38,4,2026-02-01,45000,2000,2000,45000
39,4,2026-03-01,45000,0,1500,43500
40,4,2026-04-01,45000,3000,2000,46000
41,4,2026-05-01,45000,1000,1000,45000
42,4,2026-06-01,45000,2000,1000,46000
43,4,2026-07-01,45000,1000,1000,45000
44,4,2026-08-01,45000,5000,1500,48500
45,4,2026-09-01,45000,1000,500,45500
46,4,2026-10-01,45000,2000,1000,46000
47,4,2026-11-01,45000,5000,1500,48500
48,4,2026-12-01,45000,3000,1000,47000
49,5,2026-01-01,80000,1000,1000,80000
50,5,2026-02-01,80000,0,1500,78500
51,5,2026-03-01,80000,1000,500,80500
52,5,2026-04-01,80000,5000,1000,84000
53,5,2026-05-01,80000,5000,500,84500
54,5,2026-06-01,80000,3000,2000,81000
55,5,2026-07-01,80000,5000,500,84500
56,5,2026-08-01,80000,1000,2000,79000
57,5,2026-09-01,80000,2000,500,81500
58,5,2026-10-01,80000,2000,2000,80000
59,5,2026-11-01,80000,0,2000,78000
60,5,2026-12-01,80000,2000,500,81500
61,6,2026-01-01,45000,5000,1000,49000
62,6,2026-02-01,45000,2000,500,46500
63,6,2026-03-01,45000,1000,1000,45000
64,6,2026-04-01,45000,3000,2000,46000
65,6,2026-05-01,45000,2000,2000,45000
66,6,2026-06-01,45000,5000,500,49500
67,6,2026-07-01,45000,3000,1500,46500
68,6,2026-08-01,45000,2000,2000,45000
69,6,2026-09-01,45000,1000,500,45500
70,6,2026-10-01,45000,2000,2000,45000
71,6,2026-11-01,45000,3000,1000,47000
72,6,2026-12-01,45000,5000,1500,48500
73,7,2026-01-01,55000,1000,2000,54000
74,7,2026-02-01,55000,3000,2000,56000
75,7,2026-03-01,55000,0,1000,54000
76,7,2026-04-01,55000,3000,1500,56500
77,7,2026-05-01,55000,2000,1000,56000
78,7,2026-06-01,55000,3000,500,57500
79,7,2026-07-01,55000,2000,1000,56000
80,7,2026-08-01,55000,2000,1000,56000
81,7,2026-09-01,55000,1000,2000,54000
82,7,2026-10-01,55000,0,500,54500
83,7,2026-11-01,55000,3000,2000,56000
84,7,2026-12-01,55000,1000,1000,55000
85,8,2026-01-01,65000,3000,1000,67000
86,8,2026-02-01,65000,1000,500,65500
87,8,2026-03-01,65000,2000,2000,65000
88,8,2026-04-01,65000,3000,2000,66000
89,8,2026-05-01,65000,1000,500,65500
90,8,2026-06-01,65000,3000,500,67500
91,8,2026-07-01,65000,2000,500,66500
92,8,2026-08-01,65000,1000,500,65500
93,8,2026-09-01,65000,0,500,64500
94,8,2026-10-01,65000,3000,2000,66000
95,8,2026-11-01,65000,3000,1000,67000
96,8,2026-12-01,65000,2000,1500,65500
97,9,2026-01-01,35000,0,1500,33500
98,9,2026-02-01,35000,1000,1000,35000
99,9,2026-03-01,35000,5000,500,39500
100,9,2026-04-01,35000,3000,1000,37000
101,9,2026-05-01,35000,1000,2000,34000
102,9,2026-06-01,35000,0,1500,33500
103,9,2026-07-01,35000,1000,1500,34500
104,9,2026-08-01,35000,1000,1000,35000
105,9,2026-09-01,35000,3000,500,37500
106,9,2026-10-01,35000,5000,1000,39000
107,9,2026-11-01,35000,5000,500,39500
108,9,2026-12-01,35000,3000,1500,36500
109,10,2026-01-01,95000,3000,1000,97000
110,10,2026-02-01,95000,3000,1000,97000
111,10,2026-03-01,95000,5000,2000,98000
112,10,2026-04-01,95000,3000,1500,96500
113,10,2026-05-01,95000,0,2000,93000
114,10,2026-06-01,95000,1000,1000,95000
115,10,2026-07-01,95000,0,2000,93000
116,10,2026-08-01,95000,5000,1500,98500
117,10,2026-09-01,95000,5000,1000,99000
118,10,2026-10-01,95000,3000,1500,96500
119,10,2026-11-01,95000,1000,2000,94000
120,10,2026-12-01,95000,0,2000,93000
121,11,2026-01-01,95000,2000,500,96500
122,11,2026-02-01,95000,3000,1000,97000
123,11,2026-03-01,95000,1000,1000,95000
124,11,2026-04-01,95000,0,2000,93000
125,11,2026-05-01,95000,1000,500,95500
126,11,2026-06-01,95000,0,1500,93500
127,11,2026-07-01,95000,1000,1500,94500
128,11,2026-08-01,95000,1000,1500,94500
129,11,2026-09-01,95000,2000,2000,95000
130,11,2026-10-01,95000,3000,1500,96500
131,11,2026-11-01,95000,1000,2000,94000
132,11,2026-12-01,95000,3000,1500,96500
133,12,2026-01-01,35000,5000,1500,38500
134,12,2026-02-01,35000,3000,2000,36000
135,12,2026-03-01,35000,0,1500,33500
136,12,2026-04-01,35000,2000,2000,35000
137,12,2026-05-01,35000,1000,1000,35000
138,12,2026-06-01,35000,2000,1500,35500
139,12,2026-07-01,35000,5000,1000,39000
140,12,2026-08-01,35000,0,2000,33000
141,12,2026-09-01,35000,1000,500,35500
142,12,2026-10-01,35000,2000,500,36500
143,12,2026-11-01,35000,5000,1000,39000
144,12,2026-12-01,35000,1000,2000,34000
145,13,2026-01-01,45000,1000,1500,44500
146,13,2026-02-01,45000,0,2000,43000
147,13,2026-03-01,45000,2000,1000,46000
148,13,2026-04-01,45000,3000,1500,46500
149,13,2026-05-01,45000,0,1000,44000
150,13,2026-06-01,45000,2000,2000,45000
151,13,2026-07-01,45000,3000,500,47500
152,13,2026-08-01,45000,3000,1000,47000
153,13,2026-09-01,45000,5000,1500,48500
154,13,2026-10-01,45000,1000,1000,45000
155,13,2026-11-01,45000,1000,1000,45000
156,13,2026-12-01,45000,2000,500,46500
157,14,2026-01-01,55000,0,500,54500
158,14,2026-02-01,55000,2000,2000,55000
159,14,2026-03-01,55000,5000,1500,58500
160,14,2026-04-01,55000,1000,1000,55000
161,14,2026-05-01,55000,0,1500,53500
162,14,2026-06-01,55000,1000,1000,55000
163,14,2026-07-01,55000,5000,1500,58500
164,14,2026-08-01,55000,5000,2000,58000
165,14,2026-09-01,55000,0,1500,53500
166,14,2026-10-01,55000,3000,500,57500
167,14,2026-11-01,55000,1000,1500,54500
168,14,2026-12-01,55000,5000,1000,59000
169,15,2026-01-01,35000,3000,1000,37000
170,15,2026-02-01,35000,2000,1500,35500
171,15,2026-03-01,35000,0,2000,33000
172,15,2026-04-01,35000,2000,1000,36000
173,15,2026-05-01,35000,0,2000,33000
174,15,2026-06-01,35000,2000,500,36500
175,15,2026-07-01,35000,1000,500,35500
176,15,2026-08-01,35000,3000,1000,37000
177,15,2026-09-01,35000,2000,1000,36000
178,15,2026-10-01,35000,5000,1500,38500
179,15,2026-11-01,35000,2000,2000,35000
180,15,2026-12-01,35000,0,1500,33500
181,16,2026-01-01,45000,3000,1500,46500
182,16,2026-02-01,45000,0,1000,44000
183,16,2026-03-01,45000,1000,1500,44500
184,16,2026-04-01,45000,2000,2000,45000
185,16,2026-05-01,45000,1000,500,45500
186,16,2026-06-01,45000,5000,1000,49000
187,16,2026-07-01,45000,3000,2000,46000
188,16,2026-08-01,45000,3000,1000,47000
189,16,2026-09-01,45000,3000,500,47500
190,16,2026-10-01,45000,5000,1500,48500
191,16,2026-11-01,45000,0,1500,43500
192,16,2026-12-01,45000,5000,500,49500
193,17,2026-01-01,80000,0,1500,78500
194,17,2026-02-01,80000,0,2000,78000
195,17,2026-03-01,80000,3000,500,82500
196,17,2026-04-01,80000,0,500,79500
197,17,2026-05-01,80000,5000,1000,84000
198,17,2026-06-01,80000,5000,500,84500
199,17,2026-07-01,80000,5000,2000,83000
200,17,2026-08-01,80000,0,2000,78000
201,17,2026-09-01,80000,0,2000,78000
202,17,2026-10-01,80000,5000,2000,83000
203,17,2026-11-01,80000,2000,1000,81000
204,17,2026-12-01,80000,0,500,79500
205,18,2026-01-01,95000,3000,500,97500
206,18,2026-02-01,95000,5000,1000,99000
207,18,2026-03-01,95000,3000,1000,97000
208,18,2026-04-01,95000,3000,1500,96500
209,18,2026-05-01,95000,2000,1500,95500
210,18,2026-06-01,95000,1000,1000,95000
211,18,2026-07-01,95000,2000,500,96500
212,18,2026-08-01,95000,3000,2000,96000
213,18,2026-09-01,95000,0,2000,93000
214,18,2026-10-01,95000,1000,1500,94500
215,18,2026-11-01,95000,2000,2000,95000
216,18,2026-12-01,95000,3000,1000,97000
217,19,2026-01-01,80000,5000,1000,84000
218,19,2026-02-01,80000,5000,1000,84000
219,19,2026-03-01,80000,0,500,79500
220,19,2026-04-01,80000,1000,1500,79500
221,19,2026-05-01,80000,2000,2000,80000
222,19,2026-06-01,80000,3000,1500,81500
223,19,2026-07-01,80000,1000,1500,79500
224,19,2026-08-01,80000,0,2000,78000
225,19,2026-09-01,80000,3000,500,82500
226,19,2026-10-01,80000,0,1000,79000
227,19,2026-11-01,80000,1000,1500,79500
228,19,2026-12-01,80000,2000,1000,81000
229,20,2026-01-01,55000,1000,1500,54500
230,20,2026-02-01,55000,1000,1500,54500
231,20,2026-03-01,55000,5000,1000,59000
232,20,2026-04-01,55000,1000,2000,54000
233,20,2026-05-01,55000,3000,2000,56000
234,20,2026-06-01,55000,3000,1000,57000
235,20,2026-07-01,55000,3000,500,57500
236,20,2026-08-01,55000,3000,1000,57000
237,20,2026-09-01,55000,0,1500,53500
238,20,2026-10-01,55000,3000,1000,57000
239,20,2026-11-01,55000,2000,2000,55000
240,20,2026-12-01,55000,2000,500,56500
241,21,2026-01-01,35000,5000,2000,38000
242,21,2026-02-01,35000,2000,2000,35000
243,21,2026-03-01,35000,0,500,34500
244,21,2026-04-01,35000,2000,1500,35500
245,21,2026-05-01,35000,1000,2000,34000
246,21,2026-06-01,35000,5000,2000,38000
247,21,2026-07-01,35000,0,2000,33000
248,21,2026-08-01,35000,2000,2000,35000
249,21,2026-09-01,35000,1000,1000,35000
250,21,2026-10-01,35000,3000,1500,36500
251,21,2026-11-01,35000,3000,1000,37000
252,21,2026-12-01,35000,1000,2000,34000
253,22,2026-01-01,55000,5000,500,59500
254,22,2026-02-01,55000,3000,2000,56000
255,22,2026-03-01,55000,2000,1000,56000
256,22,2026-04-01,55000,3000,1500,56500
257,22,2026-05-01,55000,5000,2000,58000
258,22,2026-06-01,55000,5000,2000,58000
259,22,2026-07-01,55000,1000,1500,54500
260,22,2026-08-01,55000,5000,1500,58500
261,22,2026-09-01,55000,5000,1000,59000
262,22,2026-10-01,55000,3000,500,57500
263,22,2026-11-01,55000,0,1500,53500
264,22,2026-12-01,55000,5000,2000,58000
265,23,2026-01-01,95000,0,2000,93000
266,23,2026-02-01,95000,5000,500,99500
267,23,2026-03-01,95000,1000,500,95500
268,23,2026-04-01,95000,5000,1000,99000
269,23,2026-05-01,95000,1000,1000,95000
270,23,2026-06-01,95000,5000,1000,99000
271,23,2026-07-01,95000,2000,1500,95500
272,23,2026-08-01,95000,0,1500,93500
273,23,2026-09-01,95000,2000,500,96500
274,23,2026-10-01,95000,3000,1000,97000
275,23,2026-11-01,95000,2000,1500,95500
276,23,2026-12-01,95000,5000,1000,99000
277,24,2026-01-01,35000,1000,2000,34000
278,24,2026-02-01,35000,0,1500,33500
279,24,2026-03-01,35000,1000,2000,34000
280,24,2026-04-01,35000,1000,1500,34500
281,24,2026-05-01,35000,3000,2000,36000
282,24,2026-06-01,35000,3000,500,37500
283,24,2026-07-01,35000,2000,500,36500
284,24,2026-08-01,35000,5000,1500,38500
285,24,2026-09-01,35000,0,1500,33500
286,24,2026-10-01,35000,3000,1000,37000
287,24,2026-11-01,35000,3000,2000,36000
288,24,2026-12-01,35000,5000,500,39500
289,25,2026-01-01,55000,2000,500,56500
290,25,2026-02-01,55000,5000,1000,59000
291,25,2026-03-01,55000,3000,1000,57000
292,25,2026-04-01,55000,0,1000,54000
293,25,2026-05-01,55000,0,2000,53000
294,25,2026-06-01,55000,3000,500,57500
295,25,2026-07-01,55000,2000,2000,55000
296,25,2026-08-01,55000,2000,500,56500
297,25,2026-09-01,55000,5000,1000,59000
298,25,2026-10-01,55000,3000,500,57500
299,25,2026-11-01,55000,2000,500,56500
300,25,2026-12-01,55000,3000,500,57500
301,26,2026-01-01,35000,3000,1500,36500
302,26,2026-02-01,35000,2000,2000,35000
303,26,2026-03-01,35000,2000,2000,35000
304,26,2026-04-01,35000,2000,2000,35000
305,26,2026-05-01,35000,5000,2000,38000
306,26,2026-06-01,35000,1000,2000,34000
307,26,2026-07-01,35000,0,500,34500
308,26,2026-08-01,35000,1000,2000,34000
309,26,2026-09-01,35000,2000,500,36500
310,26,2026-10-01,35000,3000,1500,36500
311,26,2026-11-01,35000,1000,1500,34500
312,26,2026-12-01,35000,0,1000,34000
313,27,2026-01-01,45000,5000,2000,48000
314,27,2026-02-01,45000,3000,2000,46000
315,27,2026-03-01,45000,0,500,44500
316,27,2026-04-01,45000,0,500,44500
317,27,2026-05-01,45000,1000,1500,44500
318,27,2026-06-01,45000,1000,2000,44000
319,27,2026-07-01,45000,1000,500,45500
320,27,2026-08-01,45000,5000,1500,48500
321,27,2026-09-01,45000,3000,1500,46500
322,27,2026-10-01,45000,5000,2000,48000
323,27,2026-11-01,45000,3000,1500,46500
324,27,2026-12-01,45000,0,2000,43000
325,28,2026-01-01,55000,2000,500,56500
326,28,2026-02-01,55000,0,1000,54000
327,28,2026-03-01,55000,5000,500,59500
328,28,2026-04-01,55000,1000,500,55500
329,28,2026-05-01,55000,0,2000,53000
330,28,2026-06-01,55000,0,1000,54000
331,28,2026-07-01,55000,1000,1000,55000
332,28,2026-08-01,55000,3000,500,57500
333,28,2026-09-01,55000,5000,1000,59000
334,28,2026-10-01,55000,2000,1500,55500
335,28,2026-11-01,55000,3000,500,57500
336,28,2026-12-01,55000,0,2000,53000
337,29,2026-01-01,95000,2000,500,96500
338,29,2026-02-01,95000,5000,1500,98500
339,29,2026-03-01,95000,5000,500,99500
340,29,2026-04-01,95000,5000,2000,98000
341,29,2026-05-01,95000,0,500,94500
342,29,2026-06-01,95000,3000,1500,96500
343,29,2026-07-01,95000,1000,1500,94500
344,29,2026-08-01,95000,0,500,94500
345,29,2026-09-01,95000,0,2000,93000
346,29,2026-10-01,95000,5000,500,99500
347,29,2026-11-01,95000,0,1000,94000
348,29,2026-12-01,95000,1000,500,95500
349,30,2026-01-01,65000,5000,500,69500
350,30,2026-02-01,65000,2000,500,66500
351,30,2026-03-01,65000,5000,2000,68000
352,30,2026-04-01,65000,2000,2000,65000
353,30,2026-05-01,65000,5000,1000,69000
354,30,2026-06-01,65000,2000,1500,65500
355,30,2026-07-01,65000,2000,500,66500
356,30,2026-08-01,65000,3000,500,67500
357,30,2026-09-01,65000,1000,2000,64000
358,30,2026-10-01,65000,1000,500,65500
359,30,2026-11-01,65000,0,500,64500
360,30,2026-12-01,65000,5000,500,69500
361,31,2026-01-01,95000,1000,500,95500
362,31,2026-02-01,95000,3000,1000,97000
363,31,2026-03-01,95000,1000,1000,95000
364,31,2026-04-01,95000,0,500,94500
365,31,2026-05-01,95000,2000,1000,96000
366,31,2026-06-01,95000,0,1500,93500
367,31,2026-07-01,95000,5000,500,99500
368,31,2026-08-01,95000,5000,1500,98500
369,31,2026-09-01,95000,1000,1000,95000
370,31,2026-10-01,95000,2000,1500,95500
371,31,2026-11-01,95000,1000,2000,94000
372,31,2026-12-01,95000,2000,1000,96000
373,32,2026-01-01,45000,5000,1000,49000
374,32,2026-02-01,45000,0,500,44500
375,32,2026-03-01,45000,2000,1500,45500
376,32,2026-04-01,45000,0,1500,43500
377,32,2026-05-01,45000,3000,1500,46500
378,32,2026-06-01,45000,2000,500,46500
379,32,2026-07-01,45000,5000,1500,48500
380,32,2026-08-01,45000,1000,1000,45000
381,32,2026-09-01,45000,3000,1500,46500
382,32,2026-10-01,45000,5000,1500,48500
383,32,2026-11-01,45000,0,2000,43000
384,32,2026-12-01,45000,1000,500,45500
385,33,2026-01-01,35000,0,500,34500
386,33,2026-02-01,35000,5000,500,39500
387,33,2026-03-01,35000,0,500,34500
388,33,2026-04-01,35000,1000,500,35500
389,33,2026-05-01,35000,1000,2000,34000
390,33,2026-06-01,35000,0,500,34500
391,33,2026-07-01,35000,5000,2000,38000
392,33,2026-08-01,35000,1000,500,35500
393,33,2026-09-01,35000,3000,2000,36000
394,33,2026-10-01,35000,0,1500,33500
395,33,2026-11-01,35000,2000,1000,36000
396,33,2026-12-01,35000,2000,1000,36000
397,34,2026-01-01,65000,5000,500,69500
398,34,2026-02-01,65000,1000,1000,65000
399,34,2026-03-01,65000,0,2000,63000
400,34,2026-04-01,65000,5000,2000,68000
401,34,2026-05-01,65000,2000,2000,65000
402,34,2026-06-01,65000,1000,2000,64000
403,34,2026-07-01,65000,1000,2000,64000
404,34,2026-08-01,65000,2000,2000,65000
405,34,2026-09-01,65000,1000,1500,64500
406,34,2026-10-01,65000,2000,1500,65500
407,34,2026-11-01,65000,2000,2000,65000
408,34,2026-12-01,65000,5000,500,69500
409,35,2026-01-01,35000,2000,1000,36000
410,35,2026-02-01,35000,5000,500,39500
411,35,2026-03-01,35000,1000,1500,34500
412,35,2026-04-01,35000,2000,500,36500
413,35,2026-05-01,35000,3000,1500,36500
414,35,2026-06-01,35000,3000,2000,36000
415,35,2026-07-01,35000,0,1500,33500
416,35,2026-08-01,35000,2000,500,36500
417,35,2026-09-01,35000,2000,2000,35000
418,35,2026-10-01,35000,1000,2000,34000
419,35,2026-11-01,35000,3000,1000,37000
420,35,2026-12-01,35000,0,500,34500
421,36,2026-01-01,80000,0,1500,78500
422,36,2026-02-01,80000,5000,2000,83000
423,36,2026-03-01,80000,3000,500,82500
424,36,2026-04-01,80000,0,1000,79000
425,36,2026-05-01,80000,3000,1500,81500
426,36,2026-06-01,80000,3000,1000,82000
427,36,2026-07-01,80000,2000,1000,81000
428,36,2026-08-01,80000,3000,500,82500
429,36,2026-09-01,80000,5000,1000,84000
430,36,2026-10-01,80000,0,1000,79000
431,36,2026-11-01,80000,0,500,79500
432,36,2026-12-01,80000,0,1500,78500
433,37,2026-01-01,35000,5000,1000,39000
434,37,2026-02-01,35000,5000,2000,38000
435,37,2026-03-01,35000,2000,1000,36000
436,37,2026-04-01,35000,3000,2000,36000
437,37,2026-05-01,35000,1000,500,35500
438,37,2026-06-01,35000,3000,2000,36000
439,37,2026-07-01,35000,1000,500,35500
440,37,2026-08-01,35000,0,1500,33500
441,37,2026-09-01,35000,1000,1000,35000
442,37,2026-10-01,35000,1000,1000,35000
443,37,2026-11-01,35000,1000,2000,34000
444,37,2026-12-01,35000,3000,500,37500
445,38,2026-01-01,80000,1000,500,80500
446,38,2026-02-01,80000,1000,1000,80000
447,38,2026-03-01,80000,2000,1000,81000
448,38,2026-04-01,80000,5000,2000,83000
449,38,2026-05-01,80000,5000,1500,83500
450,38,2026-06-01,80000,2000,2000,80000
451,38,2026-07-01,80000,2000,1000,81000
452,38,2026-08-01,80000,5000,500,84500
453,38,2026-09-01,80000,3000,1000,82000
454,38,2026-10-01,80000,1000,500,80500
455,38,2026-11-01,80000,2000,2000,80000
456,38,2026-12-01,80000,5000,1500,83500
457,39,2026-01-01,35000,5000,2000,38000
458,39,2026-02-01,35000,0,1000,34000
459,39,2026-03-01,35000,2000,500,36500
460,39,2026-04-01,35000,2000,500,36500
461,39,2026-05-01,35000,3000,2000,36000
462,39,2026-06-01,35000,2000,500,36500
463,39,2026-07-01,35000,5000,1000,39000
464,39,2026-08-01,35000,1000,2000,34000
465,39,2026-09-01,35000,3000,500,37500
466,39,2026-10-01,35000,0,500,34500
467,39,2026-11-01,35000,0,1000,34000
468,39,2026-12-01,35000,3000,1000,37000
469,40,2026-01-01,65000,5000,1000,69000
470,40,2026-02-01,65000,2000,1500,65500
471,40,2026-03-01,65000,0,1000,64000
472,40,2026-04-01,65000,2000,1500,65500
473,40,2026-05-01,65000,2000,1000,66000
474,40,2026-06-01,65000,5000,500,69500
475,40,2026-07-01,65000,1000,2000,64000
476,40,2026-08-01,65000,5000,500,69500
477,40,2026-09-01,65000,0,1500,63500
478,40,2026-10-01,65000,5000,1000,69000
479,40,2026-11-01,65000,5000,2000,68000
480,40,2026-12-01,65000,2000,1500,65500
481,41,2026-01-01,80000,0,1500,78500
482,41,2026-02-01,80000,3000,1500,81500
483,41,2026-03-01,80000,2000,1000,81000
484,41,2026-04-01,80000,0,2000,78000
485,41,2026-05-01,80000,1000,1500,79500
486,41,2026-06-01,80000,5000,1000,84000
487,41,2026-07-01,80000,3000,1000,82000
488,41,2026-08-01,80000,5000,2000,83000
489,41,2026-09-01,80000,0,2000,78000
490,41,2026-10-01,80000,1000,2000,79000
491,41,2026-11-01,80000,3000,500,82500
492,41,2026-12-01,80000,2000,500,81500
493,42,2026-01-01,55000,3000,2000,56000
494,42,2026-02-01,55000,3000,1500,56500
495,42,2026-03-01,55000,0,2000,53000
496,42,2026-04-01,55000,1000,500,55500
497,42,2026-05-01,55000,0,500,54500
498,42,2026-06-01,55000,5000,500,59500
499,42,2026-07-01,55000,1000,2000,54000
500,42,2026-08-01,55000,1000,1500,54500
501,42,2026-09-01,55000,2000,2000,55000
502,42,2026-10-01,55000,2000,1000,56000
503,42,2026-11-01,55000,2000,1000,56000
504,42,2026-12-01,55000,1000,1000,55000
505,43,2026-01-01,45000,5000,1000,49000
506,43,2026-02-01,45000,0,1000,44000
507,43,2026-03-01,45000,3000,1000,47000
508,43,2026-04-01,45000,2000,500,46500
509,43,2026-05-01,45000,2000,1500,45500
510,43,2026-06-01,45000,0,1500,43500
511,43,2026-07-01,45000,5000,2000,48000
512,43,2026-08-01,45000,2000,1500,45500
513,43,2026-09-01,45000,1000,2000,44000
514,43,2026-10-01,45000,3000,1000,47000
515,43,2026-11-01,45000,0,1500,43500
516,43,2026-12-01,45000,0,500,44500
517,44,2026-01-01,35000,1000,2000,34000
518,44,2026-02-01,35000,1000,500,35500
519,44,2026-03-01,35000,2000,500,36500
520,44,2026-04-01,35000,1000,1000,35000
521,44,2026-05-01,35000,2000,1000,36000
522,44,2026-06-01,35000,0,2000,33000
523,44,2026-07-01,35000,2000,1500,35500
524,44,2026-08-01,35000,1000,1000,35000
525,44,2026-09-01,35000,0,500,34500
526,44,2026-10-01,35000,3000,1500,36500
527,44,2026-11-01,35000,0,2000,33000
528,44,2026-12-01,35000,5000,1500,38500
529,45,2026-01-01,65000,5000,1500,68500
530,45,2026-02-01,65000,1000,500,65500
531,45,2026-03-01,65000,3000,500,67500
532,45,2026-04-01,65000,5000,1000,69000
533,45,2026-05-01,65000,2000,1500,65500
534,45,2026-06-01,65000,3000,500,67500
535,45,2026-07-01,65000,5000,2000,68000
536,45,2026-08-01,65000,0,1500,63500
537,45,2026-09-01,65000,5000,2000,68000
538,45,2026-10-01,65000,3000,1500,66500
539,45,2026-11-01,65000,5000,2000,68000
540,45,2026-12-01,65000,5000,2000,68000
541,46,2026-01-01,65000,2000,2000,65000
542,46,2026-02-01,65000,2000,2000,65000
543,46,2026-03-01,65000,5000,1000,69000
544,46,2026-04-01,65000,1000,2000,64000
545,46,2026-05-01,65000,1000,500,65500
546,46,2026-06-01,65000,1000,2000,64000
547,46,2026-07-01,65000,1000,500,65500
548,46,2026-08-01,65000,1000,1500,64500
549,46,2026-09-01,65000,1000,1000,65000
550,46,2026-10-01,65000,2000,500,66500
551,46,2026-11-01,65000,5000,500,69500
552,46,2026-12-01,65000,1000,1000,65000
553,47,2026-01-01,55000,1000,2000,54000
554,47,2026-02-01,55000,2000,500,56500
555,47,2026-03-01,55000,0,1000,54000
556,47,2026-04-01,55000,0,1500,53500
557,47,2026-05-01,55000,3000,1000,57000
558,47,2026-06-01,55000,2000,2000,55000
559,47,2026-07-01,55000,3000,1500,56500
560,47,2026-08-01,55000,3000,500,57500
561,47,2026-09-01,55000,3000,500,57500
562,47,2026-10-01,55000,3000,2000,56000
563,47,2026-11-01,55000,2000,500,56500
564,47,2026-12-01,55000,3000,500,57500
565,48,2026-01-01,95000,0,1500,93500
566,48,2026-02-01,95000,0,2000,93000
567,48,2026-03-01,95000,1000,1000,95000
568,48,2026-04-01,95000,3000,1000,97000
569,48,2026-05-01,95000,0,1000,94000
570,48,2026-06-01,95000,2000,2000,95000
571,48,2026-07-01,95000,5000,500,99500
572,48,2026-08-01,95000,5000,1000,99000
573,48,2026-09-01,95000,1000,2000,94000
574,48,2026-10-01,95000,1000,1500,94500
575,48,2026-11-01,95000,2000,2000,95000
576,48,2026-12-01,95000,0,1000,94000
577,49,2026-01-01,45000,2000,2000,45000
578,49,2026-02-01,45000,3000,2000,46000
579,49,2026-03-01,45000,2000,1000,46000
580,49,2026-04-01,45000,1000,1500,44500
581,49,2026-05-01,45000,1000,1000,45000
582,49,2026-06-01,45000,1000,500,45500
583,49,2026-07-01,45000,0,2000,43000
584,49,2026-08-01,45000,3000,1500,46500
585,49,2026-09-01,45000,5000,1000,49000
586,49,2026-10-01,45000,0,1500,43500
587,49,2026-11-01,45000,2000,1000,46000
588,49,2026-12-01,45000,0,1500,43500
589,50,2026-01-01,45000,0,1000,44000
590,50,2026-02-01,45000,0,2000,43000
591,50,2026-03-01,45000,3000,1000,47000
592,50,2026-04-01,45000,3000,2000,46000
593,50,2026-05-01,45000,1000,1500,44500
594,50,2026-06-01,45000,5000,2000,48000
595,50,2026-07-01,45000,5000,500,49500
596,50,2026-08-01,45000,1000,2000,44000
597,50,2026-09-01,45000,1000,500,45500
598,50,2026-10-01,45000,2000,1000,46000
599,50,2026-11-01,45000,3000,500,47500
600,50,2026-12-01,45000,2000,1000,46000
601,51,2026-01-01,55000,2000,1500,55500
602,51,2026-02-01,55000,1000,1000,55000
603,51,2026-03-01,55000,0,1000,54000
604,51,2026-04-01,55000,0,1500,53500
605,51,2026-05-01,55000,1000,1000,55000
606,51,2026-06-01,55000,0,1500,53500
607,51,2026-07-01,55000,1000,2000,54000
608,51,2026-08-01,55000,5000,2000,58000
609,51,2026-09-01,55000,5000,1500,58500
610,51,2026-10-01,55000,2000,1000,56000
611,51,2026-11-01,55000,5000,500,59500
612,51,2026-12-01,55000,1000,1000,55000
613,52,2026-01-01,55000,0,1500,53500
614,52,2026-02-01,55000,2000,500,56500
615,52,2026-03-01,55000,5000,1500,58500
616,52,2026-04-01,55000,2000,1000,56000
617,52,2026-05-01,55000,3000,1000,57000
618,52,2026-06-01,55000,2000,2000,55000
619,52,2026-07-01,55000,3000,500,57500
620,52,2026-08-01,55000,2000,2000,55000
621,52,2026-09-01,55000,3000,1500,56500
622,52,2026-10-01,55000,1000,1500,54500
623,52,2026-11-01,55000,0,1500,53500
624,52,2026-12-01,55000,3000,2000,56000
625,53,2026-01-01,65000,5000,500,69500
626,53,2026-02-01,65000,0,1500,63500
627,53,2026-03-01,65000,5000,500,69500
628,53,2026-04-01,65000,5000,1500,68500
629,53,2026-05-01,65000,1000,500,65500
630,53,2026-06-01,65000,2000,500,66500
631,53,2026-07-01,65000,1000,1000,65000
632,53,2026-08-01,65000,3000,2000,66000
633,53,2026-09-01,65000,5000,500,69500
634,53,2026-10-01,65000,5000,1500,68500
635,53,2026-11-01,65000,1000,1500,64500
636,53,2026-12-01,65000,5000,2000,68000
637,54,2026-01-01,35000,0,500,34500
638,54,2026-02-01,35000,1000,1000,35000
639,54,2026-03-01,35000,2000,500,36500
640,54,2026-04-01,35000,0,500,34500
641,54,2026-05-01,35000,1000,2000,34000
642,54,2026-06-01,35000,5000,500,39500
643,54,2026-07-01,35000,2000,2000,35000
644,54,2026-08-01,35000,1000,500,35500
645,54,2026-09-01,35000,3000,1500,36500
646,54,2026-10-01,35000,2000,2000,35000
647,54,2026-11-01,35000,5000,500,39500
648,54,2026-12-01,35000,0,1000,34000
649,55,2026-01-01,55000,2000,500,56500
650,55,2026-02-01,55000,5000,500,59500
651,55,2026-03-01,55000,0,1500,53500
652,55,2026-04-01,55000,1000,2000,54000
653,55,2026-05-01,55000,3000,1000,57000
654,55,2026-06-01,55000,2000,2000,55000
655,55,2026-07-01,55000,2000,1500,55500
656,55,2026-08-01,55000,2000,2000,55000
657,55,2026-09-01,55000,1000,1500,54500
658,55,2026-10-01,55000,5000,1500,58500
659,55,2026-11-01,55000,1000,2000,54000
660,55,2026-12-01,55000,5000,1500,58500
661,56,2026-01-01,65000,2000,2000,65000
662,56,2026-02-01,65000,0,500,64500
663,56,2026-03-01,65000,5000,1500,68500
664,56,2026-04-01,65000,0,1500,63500
665,56,2026-05-01,65000,3000,1000,67000
666,56,2026-06-01,65000,0,1000,64000
667,56,2026-07-01,65000,2000,1500,65500
668,56,2026-08-01,65000,3000,1500,66500
669,56,2026-09-01,65000,0,1500,63500
670,56,2026-10-01,65000,2000,2000,65000
671,56,2026-11-01,65000,3000,500,67500
672,56,2026-12-01,65000,2000,2000,65000
673,57,2026-01-01,95000,1000,1500,94500
674,57,2026-02-01,95000,5000,1500,98500
675,57,2026-03-01,95000,1000,1500,94500
676,57,2026-04-01,95000,5000,1000,99000
677,57,2026-05-01,95000,5000,1000,99000
678,57,2026-06-01,95000,2000,500,96500
679,57,2026-07-01,95000,2000,2000,95000
680,57,2026-08-01,95000,2000,500,96500
681,57,2026-09-01,95000,3000,1000,97000
682,57,2026-10-01,95000,2000,500,96500
683,57,2026-11-01,95000,1000,1500,94500
684,57,2026-12-01,95000,2000,1000,96000
685,58,2026-01-01,35000,3000,1000,37000
686,58,2026-02-01,35000,5000,1000,39000
687,58,2026-03-01,35000,1000,2000,34000
688,58,2026-04-01,35000,2000,500,36500
689,58,2026-05-01,35000,2000,1000,36000
690,58,2026-06-01,35000,3000,2000,36000
691,58,2026-07-01,35000,5000,1000,39000
692,58,2026-08-01,35000,0,1000,34000
693,58,2026-09-01,35000,3000,1000,37000
694,58,2026-10-01,35000,5000,1500,38500
695,58,2026-11-01,35000,0,2000,33000
696,58,2026-12-01,35000,2000,500,36500
697,59,2026-01-01,95000,5000,1000,99000
698,59,2026-02-01,95000,0,500,94500
699,59,2026-03-01,95000,0,2000,93000
700,59,2026-04-01,95000,0,1500,93500
701,59,2026-05-01,95000,2000,1500,95500
702,59,2026-06-01,95000,2000,2000,95000
703,59,2026-07-01,95000,0,500,94500
704,59,2026-08-01,95000,5000,2000,98000
705,59,2026-09-01,95000,1000,1000,95000
706,59,2026-10-01,95000,1000,1500,94500
707,59,2026-11-01,95000,5000,2000,98000
708,59,2026-12-01,95000,2000,1000,96000
709,60,2026-01-01,80000,1000,2000,79000
710,60,2026-02-01,80000,1000,2000,79000
711,60,2026-03-01,80000,3000,1500,81500
712,60,2026-04-01,80000,1000,500,80500
713,60,2026-05-01,80000,5000,1000,84000
714,60,2026-06-01,80000,1000,1500,79500
715,60,2026-07-01,80000,0,500,79500
716,60,2026-08-01,80000,3000,1500,81500
717,60,2026-09-01,80000,3000,500,82500
718,60,2026-10-01,80000,5000,2000,83000
719,60,2026-11-01,80000,2000,1500,80500
720,60,2026-12-01,80000,5000,1000,84000
721,61,2026-01-01,55000,1000,2000,54000
722,61,2026-02-01,55000,2000,500,56500
723,61,2026-03-01,55000,0,2000,53000
724,61,2026-04-01,55000,0,1500,53500
725,61,2026-05-01,55000,5000,2000,58000
726,61,2026-06-01,55000,1000,2000,54000
727,61,2026-07-01,55000,0,1000,54000
728,61,2026-08-01,55000,2000,1500,55500
729,61,2026-09-01,55000,1000,1500,54500
730,61,2026-10-01,55000,3000,2000,56000
731,61,2026-11-01,55000,0,2000,53000
732,61,2026-12-01,55000,1000,1000,55000
733,62,2026-01-01,35000,0,500,34500
734,62,2026-02-01,35000,0,1000,34000
735,62,2026-03-01,35000,5000,1000,39000
736,62,2026-04-01,35000,3000,1500,36500
737,62,2026-05-01,35000,1000,2000,34000
738,62,2026-06-01,35000,3000,2000,36000
739,62,2026-07-01,35000,1000,1000,35000
740,62,2026-08-01,35000,5000,1000,39000
741,62,2026-09-01,35000,1000,1500,34500
742,62,2026-10-01,35000,0,1000,34000
743,62,2026-11-01,35000,0,500,34500
744,62,2026-12-01,35000,3000,2000,36000
745,63,2026-01-01,95000,0,1500,93500
746,63,2026-02-01,95000,5000,1000,99000
747,63,2026-03-01,95000,5000,1000,99000
748,63,2026-04-01,95000,5000,2000,98000
749,63,2026-05-01,95000,5000,1500,98500
750,63,2026-06-01,95000,2000,2000,95000
751,63,2026-07-01,95000,5000,1500,98500
752,63,2026-08-01,95000,2000,1000,96000
753,63,2026-09-01,95000,2000,500,96500
754,63,2026-10-01,95000,3000,500,97500
755,63,2026-11-01,95000,2000,500,96500
756,63,2026-12-01,95000,1000,2000,94000
757,64,2026-01-01,80000,1000,1000,80000
758,64,2026-02-01,80000,2000,1500,80500
759,64,2026-03-01,80000,2000,500,81500
760,64,2026-04-01,80000,2000,500,81500
761,64,2026-05-01,80000,5000,2000,83000
762,64,2026-06-01,80000,2000,1500,80500
763,64,2026-07-01,80000,3000,500,82500
764,64,2026-08-01,80000,1000,1500,79500
765,64,2026-09-01,80000,0,1500,78500
766,64,2026-10-01,80000,2000,2000,80000
767,64,2026-11-01,80000,5000,2000,83000
768,64,2026-12-01,80000,5000,1000,84000
769,65,2026-01-01,65000,1000,500,65500
770,65,2026-02-01,65000,0,500,64500
771,65,2026-03-01,65000,5000,1500,68500
772,65,2026-04-01,65000,5000,500,69500
773,65,2026-05-01,65000,0,2000,63000
774,65,2026-06-01,65000,5000,500,69500
775,65,2026-07-01,65000,2000,2000,65000
776,65,2026-08-01,65000,5000,1000,69000
777,65,2026-09-01,65000,5000,2000,68000
778,65,2026-10-01,65000,0,500,64500
779,65,2026-11-01,65000,3000,1500,66500
780,65,2026-12-01,65000,1000,1000,65000
781,66,2026-01-01,80000,3000,1000,82000
782,66,2026-02-01,80000,3000,2000,81000
783,66,2026-03-01,80000,0,1500,78500
784,66,2026-04-01,80000,3000,2000,81000
785,66,2026-05-01,80000,2000,2000,80000
786,66,2026-06-01,80000,1000,2000,79000
787,66,2026-07-01,80000,3000,500,82500
788,66,2026-08-01,80000,0,2000,78000
789,66,2026-09-01,80000,2000,1000,81000
790,66,2026-10-01,80000,0,2000,78000
791,66,2026-11-01,80000,5000,500,84500
792,66,2026-12-01,80000,3000,500,82500
793,67,2026-01-01,45000,2000,500,46500
794,67,2026-02-01,45000,5000,1500,48500
795,67,2026-03-01,45000,0,500,44500
796,67,2026-04-01,45000,3000,500,47500
797,67,2026-05-01,45000,1000,1000,45000
798,67,2026-06-01,45000,0,1000,44000
799,67,2026-07-01,45000,5000,1500,48500
800,67,2026-08-01,45000,0,2000,43000
801,67,2026-09-01,45000,2000,1000,46000
802,67,2026-10-01,45000,1000,2000,44000
803,67,2026-11-01,45000,1000,500,45500
804,67,2026-12-01,45000,1000,2000,44000
805,68,2026-01-01,80000,5000,2000,83000
806,68,2026-02-01,80000,0,1500,78500
807,68,2026-03-01,80000,2000,2000,80000
808,68,2026-04-01,80000,0,1000,79000
809,68,2026-05-01,80000,2000,500,81500
810,68,2026-06-01,80000,1000,2000,79000
811,68,2026-07-01,80000,2000,1000,81000
812,68,2026-08-01,80000,2000,1500,80500
813,68,2026-09-01,80000,5000,2000,83000
814,68,2026-10-01,80000,2000,1500,80500
815,68,2026-11-01,80000,0,2000,78000
816,68,2026-12-01,80000,1000,500,80500
817,69,2026-01-01,55000,5000,1000,59000
818,69,2026-02-01,55000,0,500,54500
819,69,2026-03-01,55000,1000,2000,54000
820,69,2026-04-01,55000,5000,500,59500
821,69,2026-05-01,55000,0,1000,54000
822,69,2026-06-01,55000,5000,500,59500
823,69,2026-07-01,55000,5000,1000,59000
824,69,2026-08-01,55000,2000,1000,56000
825,69,2026-09-01,55000,3000,2000,56000
826,69,2026-10-01,55000,3000,500,57500
827,69,2026-11-01,55000,2000,1000,56000
828,69,2026-12-01,55000,1000,500,55500
829,70,2026-01-01,35000,5000,1500,38500
830,70,2026-02-01,35000,1000,1500,34500
831,70,2026-03-01,35000,5000,1000,39000
832,70,2026-04-01,35000,2000,1500,35500
833,70,2026-05-01,35000,1000,500,35500
834,70,2026-06-01,35000,5000,1500,38500
835,70,2026-07-01,35000,2000,2000,35000
836,70,2026-08-01,35000,2000,2000,35000
837,70,2026-09-01,35000,1000,2000,34000
838,70,2026-10-01,35000,2000,1500,35500
839,70,2026-11-01,35000,0,2000,33000
840,70,2026-12-01,35000,0,1500,33500
841,71,2026-01-01,45000,3000,1000,47000
842,71,2026-02-01,45000,5000,500,49500
843,71,2026-03-01,45000,5000,1500,48500
844,71,2026-04-01,45000,0,2000,43000
845,71,2026-05-01,45000,2000,1000,46000
846,71,2026-06-01,45000,5000,2000,48000
847,71,2026-07-01,45000,1000,2000,44000
848,71,2026-08-01,45000,2000,1000,46000
849,71,2026-09-01,45000,5000,500,49500
850,71,2026-10-01,45000,0,2000,43000
851,71,2026-11-01,45000,3000,2000,46000
852,71,2026-12-01,45000,2000,1500,45500
853,72,2026-01-01,45000,0,1500,43500
854,72,2026-02-01,45000,3000,500,47500
855,72,2026-03-01,45000,5000,1500,48500
856,72,2026-04-01,45000,2000,500,46500
857,72,2026-05-01,45000,3000,1000,47000
858,72,2026-06-01,45000,0,500,44500
859,72,2026-07-01,45000,2000,500,46500
860,72,2026-08-01,45000,3000,2000,46000
861,72,2026-09-01,45000,3000,500,47500
862,72,2026-10-01,45000,3000,1500,46500
863,72,2026-11-01,45000,2000,1000,46000
864,72,2026-12-01,45000,5000,500,49500
865,73,2026-01-01,35000,3000,2000,36000
866,73,2026-02-01,35000,1000,500,35500
867,73,2026-03-01,35000,5000,1500,38500
868,73,2026-04-01,35000,1000,1000,35000
869,73,2026-05-01,35000,3000,2000,36000
870,73,2026-06-01,35000,0,2000,33000
871,73,2026-07-01,35000,5000,500,39500
872,73,2026-08-01,35000,1000,500,35500
873,73,2026-09-01,35000,5000,1500,38500
874,73,2026-10-01,35000,5000,500,39500
875,73,2026-11-01,35000,3000,500,37500
876,73,2026-12-01,35000,1000,2000,34000
877,74,2026-01-01,55000,2000,2000,55000
878,74,2026-02-01,55000,5000,2000,58000
879,74,2026-03-01,55000,3000,500,57500
880,74,2026-04-01,55000,5000,500,59500
881,74,2026-05-01,55000,0,1500,53500
882,74,2026-06-01,55000,3000,1000,57000
883,74,2026-07-01,55000,3000,1000,57000
884,74,2026-08-01,55000,2000,1500,55500
885,74,2026-09-01,55000,3000,1000,57000
886,74,2026-10-01,55000,0,1000,54000
887,74,2026-11-01,55000,5000,1500,58500
888,74,2026-12-01,55000,3000,1500,56500
889,75,2026-01-01,80000,5000,2000,83000
890,75,2026-02-01,80000,2000,2000,80000
891,75,2026-03-01,80000,0,1500,78500
892,75,2026-04-01,80000,2000,500,81500
893,75,2026-05-01,80000,1000,500,80500
894,75,2026-06-01,80000,0,1500,78500
895,75,2026-07-01,80000,2000,2000,80000
896,75,2026-08-01,80000,2000,1000,81000
897,75,2026-09-01,80000,5000,1000,84000
898,75,2026-10-01,80000,0,1500,78500
899,75,2026-11-01,80000,1000,1500,79500
900,75,2026-12-01,80000,3000,1500,81500
901,76,2026-01-01,35000,0,1000,34000
902,76,2026-02-01,35000,1000,1500,34500
903,76,2026-03-01,35000,3000,2000,36000
904,76,2026-04-01,35000,3000,2000,36000
905,76,2026-05-01,35000,0,1500,33500
906,76,2026-06-01,35000,5000,1500,38500
907,76,2026-07-01,35000,1000,500,35500
908,76,2026-08-01,35000,0,2000,33000
909,76,2026-09-01,35000,2000,1000,36000
910,76,2026-10-01,35000,0,1500,33500
911,76,2026-11-01,35000,0,1000,34000
912,76,2026-12-01,35000,3000,500,37500
913,77,2026-01-01,80000,1000,2000,79000
914,77,2026-02-01,80000,0,500,79500
915,77,2026-03-01,80000,3000,1500,81500
916,77,2026-04-01,80000,1000,2000,79000
917,77,2026-05-01,80000,1000,1000,80000
918,77,2026-06-01,80000,0,1000,79000
919,77,2026-07-01,80000,2000,2000,80000
920,77,2026-08-01,80000,5000,2000,83000
921,77,2026-09-01,80000,2000,500,81500
922,77,2026-10-01,80000,1000,1500,79500
923,77,2026-11-01,80000,2000,500,81500
924,77,2026-12-01,80000,2000,1000,81000
925,78,2026-01-01,65000,0,1500,63500
926,78,2026-02-01,65000,5000,1500,68500
927,78,2026-03-01,65000,3000,1500,66500
928,78,2026-04-01,65000,2000,1000,66000
929,78,2026-05-01,65000,2000,2000,65000
930,78,2026-06-01,65000,0,1000,64000
931,78,2026-07-01,65000,0,1500,63500
932,78,2026-08-01,65000,2000,500,66500
933,78,2026-09-01,65000,2000,2000,65000
934,78,2026-10-01,65000,2000,1000,66000
935,78,2026-11-01,65000,2000,500,66500
936,78,2026-12-01,65000,1000,1500,64500
937,79,2026-01-01,45000,2000,1000,46000
938,79,2026-02-01,45000,0,1500,43500
939,79,2026-03-01,45000,0,1500,43500
940,79,2026-04-01,45000,5000,2000,48000
941,79,2026-05-01,45000,5000,500,49500
942,79,2026-06-01,45000,0,2000,43000
943,79,2026-07-01,45000,5000,1000,49000
944,79,2026-08-01,45000,3000,2000,46000
945,79,2026-09-01,45000,2000,500,46500
946,79,2026-10-01,45000,3000,1000,47000
947,79,2026-11-01,45000,3000,2000,46000
948,79,2026-12-01,45000,1000,2000,44000
949,80,2026-01-01,95000,1000,2000,94000
950,80,2026-02-01,95000,5000,1500,98500
951,80,2026-03-01,95000,5000,1500,98500
952,80,2026-04-01,95000,3000,1000,97000
953,80,2026-05-01,95000,3000,1500,96500
954,80,2026-06-01,95000,2000,1000,96000
955,80,2026-07-01,95000,3000,1500,96500
956,80,2026-08-01,95000,3000,1000,97000
957,80,2026-09-01,95000,0,500,94500
958,80,2026-10-01,95000,5000,1500,98500
959,80,2026-11-01,95000,2000,1000,96000
960,80,2026-12-01,95000,1000,1000,95000
961,81,2026-01-01,55000,0,1000,54000
962,81,2026-02-01,55000,2000,1000,56000
963,81,2026-03-01,55000,2000,1000,56000
964,81,2026-04-01,55000,1000,2000,54000
965,81,2026-05-01,55000,1000,1500,54500
966,81,2026-06-01,55000,0,1000,54000
967,81,2026-07-01,55000,1000,500,55500
968,81,2026-08-01,55000,5000,1000,59000
969,81,2026-09-01,55000,1000,500,55500
970,81,2026-10-01,55000,5000,500,59500
971,81,2026-11-01,55000,5000,2000,58000
972,81,2026-12-01,55000,5000,500,59500
973,82,2026-01-01,80000,0,2000,78000
974,82,2026-02-01,80000,5000,2000,83000
975,82,2026-03-01,80000,5000,1000,84000
976,82,2026-04-01,80000,0,1000,79000
977,82,2026-05-01,80000,2000,2000,80000
978,82,2026-06-01,80000,1000,2000,79000
979,82,2026-07-01,80000,1000,1000,80000
980,82,2026-08-01,80000,0,500,79500
981,82,2026-09-01,80000,5000,1000,84000
982,82,2026-10-01,80000,3000,500,82500
983,82,2026-11-01,80000,1000,2000,79000
984,82,2026-12-01,80000,2000,1000,81000
985,83,2026-01-01,45000,5000,1000,49000
986,83,2026-02-01,45000,0,500,44500
987,83,2026-03-01,45000,2000,500,46500
988,83,2026-04-01,45000,2000,500,46500
989,83,2026-05-01,45000,1000,500,45500
990,83,2026-06-01,45000,1000,500,45500
991,83,2026-07-01,45000,3000,500,47500
992,83,2026-08-01,45000,2000,2000,45000
993,83,2026-09-01,45000,2000,1500,45500
994,83,2026-10-01,45000,2000,2000,45000
995,83,2026-11-01,45000,1000,1500,44500
996,83,2026-12-01,45000,1000,1500,44500
997,84,2026-01-01,95000,1000,2000,94000
998,84,2026-02-01,95000,2000,2000,95000
999,84,2026-03-01,95000,1000,2000,94000
1000,84,2026-04-01,95000,0,1500,93500
1001,84,2026-05-01,95000,0,1000,94000
1002,84,2026-06-01,95000,1000,1500,94500
1003,84,2026-07-01,95000,5000,500,99500
1004,84,2026-08-01,95000,1000,500,95500
1005,84,2026-09-01,95000,1000,1000,95000
1006,84,2026-10-01,95000,2000,2000,95000
1007,84,2026-11-01,95000,1000,500,95500
1008,84,2026-12-01,95000,1000,500,95500
1009,85,2026-01-01,95000,5000,1000,99000
1010,85,2026-02-01,95000,3000,1500,96500
1011,85,2026-03-01,95000,1000,500,95500
1012,85,2026-04-01,95000,2000,2000,95000
1013,85,2026-05-01,95000,1000,1500,94500
1014,85,2026-06-01,95000,2000,2000,95000
1015,85,2026-07-01,95000,2000,1000,96000
1016,85,2026-08-01,95000,0,2000,93000
1017,85,2026-09-01,95000,1000,1500,94500
1018,85,2026-10-01,95000,1000,1000,95000
1019,85,2026-11-01,95000,0,1000,94000
1020,85,2026-12-01,95000,3000,1500,96500
1021,86,2026-01-01,80000,0,1000,79000
1022,86,2026-02-01,80000,2000,500,81500
1023,86,2026-03-01,80000,5000,1000,84000
1024,86,2026-04-01,80000,1000,500,80500
1025,86,2026-05-01,80000,2000,500,81500
1026,86,2026-06-01,80000,2000,2000,80000
1027,86,2026-07-01,80000,3000,1000,82000
1028,86,2026-08-01,80000,3000,500,82500
1029,86,2026-09-01,80000,3000,1500,81500
1030,86,2026-10-01,80000,3000,500,82500
1031,86,2026-11-01,80000,0,500,79500
1032,86,2026-12-01,80000,1000,2000,79000
1033,87,2026-01-01,55000,2000,1500,55500
1034,87,2026-02-01,55000,0,1500,53500
1035,87,2026-03-01,55000,0,1000,54000
1036,87,2026-04-01,55000,3000,1000,57000
1037,87,2026-05-01,55000,3000,1500,56500
1038,87,2026-06-01,55000,2000,2000,55000
1039,87,2026-07-01,55000,3000,1000,57000
1040,87,2026-08-01,55000,0,2000,53000
1041,87,2026-09-01,55000,0,500,54500
1042,87,2026-10-01,55000,2000,1500,55500
1043,87,2026-11-01,55000,0,500,54500
1044,87,2026-12-01,55000,5000,500,59500
1045,88,2026-01-01,65000,5000,1500,68500
1046,88,2026-02-01,65000,5000,2000,68000
1047,88,2026-03-01,65000,5000,1000,69000
1048,88,2026-04-01,65000,3000,1500,66500
1049,88,2026-05-01,65000,3000,2000,66000
1050,88,2026-06-01,65000,2000,1500,65500
1051,88,2026-07-01,65000,0,1000,64000
1052,88,2026-08-01,65000,1000,1500,64500
1053,88,2026-09-01,65000,0,1000,64000
1054,88,2026-10-01,65000,1000,1500,64500
1055,88,2026-11-01,65000,3000,1000,67000
1056,88,2026-12-01,65000,5000,500,69500
1057,89,2026-01-01,65000,0,1500,63500
1058,89,2026-02-01,65000,3000,2000,66000
1059,89,2026-03-01,65000,1000,2000,64000
1060,89,2026-04-01,65000,2000,1000,66000
1061,89,2026-05-01,65000,3000,500,67500
1062,89,2026-06-01,65000,2000,1500,65500
1063,89,2026-07-01,65000,0,500,64500
1064,89,2026-08-01,65000,0,500,64500
1065,89,2026-09-01,65000,0,1000,64000
1066,89,2026-10-01,65000,1000,1500,64500
1067,89,2026-11-01,65000,5000,1000,69000
1068,89,2026-12-01,65000,2000,500,66500
1069,90,2026-01-01,95000,3000,2000,96000
1070,90,2026-02-01,95000,2000,1000,96000
1071,90,2026-03-01,95000,5000,1500,98500
1072,90,2026-04-01,95000,5000,1500,98500
1073,90,2026-05-01,95000,1000,500,95500
1074,90,2026-06-01,95000,5000,1500,98500
1075,90,2026-07-01,95000,3000,500,97500
1076,90,2026-08-01,95000,3000,2000,96000
1077,90,2026-09-01,95000,0,1500,93500
1078,90,2026-10-01,95000,1000,1500,94500
1079,90,2026-11-01,95000,1000,2000,94000
1080,90,2026-12-01,95000,3000,1500,96500
1081,91,2026-01-01,55000,5000,2000,58000
1082,91,2026-02-01,55000,2000,1500,55500
1083,91,2026-03-01,55000,5000,500,59500
1084,91,2026-04-01,55000,1000,1500,54500
1085,91,2026-05-01,55000,3000,1000,57000
1086,91,2026-06-01,55000,0,2000,53000
1087,91,2026-07-01,55000,3000,500,57500
1088,91,2026-08-01,55000,5000,500,59500
1089,91,2026-09-01,55000,2000,2000,55000
1090,91,2026-10-01,55000,3000,2000,56000
1091,91,2026-11-01,55000,2000,1000,56000
1092,91,2026-12-01,55000,2000,1500,55500
1093,92,2026-01-01,35000,5000,1500,38500
1094,92,2026-02-01,35000,5000,500,39500
1095,92,2026-03-01,35000,5000,2000,38000
1096,92,2026-04-01,35000,3000,1000,37000
1097,92,2026-05-01,35000,5000,1000,39000
1098,92,2026-06-01,35000,3000,1500,36500
1099,92,2026-07-01,35000,3000,2000,36000
1100,92,2026-08-01,35000,0,500,34500
1101,92,2026-09-01,35000,3000,2000,36000
1102,92,2026-10-01,35000,2000,2000,35000
1103,92,2026-11-01,35000,0,2000,33000
1104,92,2026-12-01,35000,3000,1000,37000
1105,93,2026-01-01,65000,3000,1000,67000
1106,93,2026-02-01,65000,0,500,64500
1107,93,2026-03-01,65000,2000,1000,66000
1108,93,2026-04-01,65000,1000,1000,65000
1109,93,2026-05-01,65000,5000,1500,68500
1110,93,2026-06-01,65000,0,500,64500
1111,93,2026-07-01,65000,0,2000,63000
1112,93,2026-08-01,65000,5000,1000,69000
1113,93,2026-09-01,65000,2000,1000,66000
1114,93,2026-10-01,65000,5000,2000,68000
1115,93,2026-11-01,65000,0,1000,64000
1116,93,2026-12-01,65000,3000,1500,66500
1117,94,2026-01-01,65000,0,1500,63500
1118,94,2026-02-01,65000,0,1000,64000
1119,94,2026-03-01,65000,5000,500,69500
1120,94,2026-04-01,65000,2000,1500,65500
1121,94,2026-05-01,65000,2000,1000,66000
1122,94,2026-06-01,65000,0,2000,63000
1123,94,2026-07-01,65000,5000,1000,69000
1124,94,2026-08-01,65000,3000,500,67500
1125,94,2026-09-01,65000,2000,1500,65500
1126,94,2026-10-01,65000,1000,1000,65000
1127,94,2026-11-01,65000,5000,1500,68500
1128,94,2026-12-01,65000,3000,1500,66500
1129,95,2026-01-01,35000,5000,500,39500
1130,95,2026-02-01,35000,0,500,34500
1131,95,2026-03-01,35000,0,1000,34000
1132,95,2026-04-01,35000,2000,2000,35000
1133,95,2026-05-01,35000,0,1000,34000
1134,95,2026-06-01,35000,5000,1000,39000
1135,95,2026-07-01,35000,3000,1000,37000
1136,95,2026-08-01,35000,5000,1000,39000
1137,95,2026-09-01,35000,5000,2000,38000
1138,95,2026-10-01,35000,2000,500,36500
1139,95,2026-11-01,35000,0,1500,33500
1140,95,2026-12-01,35000,1000,1500,34500
1141,96,2026-01-01,80000,1000,1500,79500
1142,96,2026-02-01,80000,0,500,79500
1143,96,2026-03-01,80000,3000,2000,81000
1144,96,2026-04-01,80000,5000,2000,83000
1145,96,2026-05-01,80000,1000,2000,79000
1146,96,2026-06-01,80000,1000,2000,79000
1147,96,2026-07-01,80000,2000,500,81500
1148,96,2026-08-01,80000,2000,1000,81000
1149,96,2026-09-01,80000,3000,1500,81500
1150,96,2026-10-01,80000,3000,2000,81000
1151,96,2026-11-01,80000,2000,500,81500
1152,96,2026-12-01,80000,0,2000,78000
1153,97,2026-01-01,55000,0,1500,53500
1154,97,2026-02-01,55000,0,1500,53500
1155,97,2026-03-01,55000,1000,2000,54000
1156,97,2026-04-01,55000,5000,500,59500
1157,97,2026-05-01,55000,2000,2000,55000
1158,97,2026-06-01,55000,2000,1000,56000
1159,97,2026-07-01,55000,0,2000,53000
1160,97,2026-08-01,55000,3000,500,57500
1161,97,2026-09-01,55000,5000,1500,58500
1162,97,2026-10-01,55000,2000,2000,55000
1163,97,2026-11-01,55000,2000,500,56500
1164,97,2026-12-01,55000,1000,1500,54500
1165,98,2026-01-01,35000,0,1000,34000
1166,98,2026-02-01,35000,2000,2000,35000
1167,98,2026-03-01,35000,5000,1000,39000
1168,98,2026-04-01,35000,2000,1500,35500
1169,98,2026-05-01,35000,2000,1500,35500
1170,98,2026-06-01,35000,5000,1500,38500
1171,98,2026-07-01,35000,1000,1500,34500
1172,98,2026-08-01,35000,2000,2000,35000
1173,98,2026-09-01,35000,0,1000,34000
1174,98,2026-10-01,35000,2000,500,36500
1175,98,2026-11-01,35000,2000,1500,35500
1176,98,2026-12-01,35000,1000,500,35500
1177,99,2026-01-01,35000,3000,1000,37000
1178,99,2026-02-01,35000,1000,2000,34000
1179,99,2026-03-01,35000,3000,500,37500
1180,99,2026-04-01,35000,3000,1000,37000
1181,99,2026-05-01,35000,5000,1000,39000
1182,99,2026-06-01,35000,1000,500,35500
1183,99,2026-07-01,35000,1000,1500,34500
1184,99,2026-08-01,35000,5000,2000,38000
1185,99,2026-09-01,35000,1000,1000,35000
1186,99,2026-10-01,35000,5000,500,39500
1187,99,2026-11-01,35000,0,500,34500
1188,99,2026-12-01,35000,0,2000,33000
1189,100,2026-01-01,65000,1000,500,65500
1190,100,2026-02-01,65000,2000,1000,66000
1191,100,2026-03-01,65000,2000,1000,66000
1192,100,2026-04-01,65000,3000,1000,67000
1193,100,2026-05-01,65000,0,500,64500
1194,100,2026-06-01,65000,5000,1500,68500
1195,100,2026-07-01,65000,3000,2000,66000
1196,100,2026-08-01,65000,0,1000,64000
1197,100,2026-09-01,65000,5000,1500,68500
1198,100,2026-10-01,65000,3000,2000,66000
1199,100,2026-11-01,65000,5000,2000,68000
1200,100,2026-12-01,65000,5000,1000,69000
1201,101,2026-01-01,65000,5000,2000,68000
1202,101,2026-02-01,65000,5000,1500,68500
1203,101,2026-03-01,65000,2000,2000,65000
1204,101,2026-04-01,65000,5000,1500,68500
1205,101,2026-05-01,65000,3000,1500,66500
1206,101,2026-06-01,65000,0,1000,64000
1207,101,2026-07-01,65000,1000,1500,64500
1208,101,2026-08-01,65000,0,2000,63000
1209,101,2026-09-01,65000,3000,1500,66500
1210,101,2026-10-01,65000,5000,1500,68500
1211,101,2026-11-01,65000,5000,1500,68500
1212,101,2026-12-01,65000,1000,2000,64000
1213,102,2026-01-01,45000,1000,2000,44000
1214,102,2026-02-01,45000,0,1500,43500
1215,102,2026-03-01,45000,2000,1000,46000
1216,102,2026-04-01,45000,1000,1000,45000
1217,102,2026-05-01,45000,5000,1000,49000
1218,102,2026-06-01,45000,2000,2000,45000
1219,102,2026-07-01,45000,3000,2000,46000
1220,102,2026-08-01,45000,0,500,44500
1221,102,2026-09-01,45000,5000,1500,48500
1222,102,2026-10-01,45000,0,500,44500
1223,102,2026-11-01,45000,5000,1000,49000
1224,102,2026-12-01,45000,0,1500,43500
1225,103,2026-01-01,65000,5000,1500,68500
1226,103,2026-02-01,65000,2000,2000,65000
1227,103,2026-03-01,65000,5000,1500,68500
1228,103,2026-04-01,65000,2000,2000,65000
1229,103,2026-05-01,65000,3000,2000,66000
1230,103,2026-06-01,65000,5000,500,69500
1231,103,2026-07-01,65000,0,2000,63000
1232,103,2026-08-01,65000,1000,2000,64000
1233,103,2026-09-01,65000,1000,2000,64000
1234,103,2026-10-01,65000,2000,500,66500
1235,103,2026-11-01,65000,0,1500,63500
1236,103,2026-12-01,65000,5000,500,69500
1237,104,2026-01-01,80000,1000,500,80500
1238,104,2026-02-01,80000,0,1500,78500
1239,104,2026-03-01,80000,2000,1500,80500
1240,104,2026-04-01,80000,1000,2000,79000
1241,104,2026-05-01,80000,5000,500,84500
1242,104,2026-06-01,80000,2000,500,81500
1243,104,2026-07-01,80000,5000,1000,84000
1244,104,2026-08-01,80000,3000,500,82500
1245,104,2026-09-01,80000,5000,1500,83500
1246,104,2026-10-01,80000,3000,1500,81500
1247,104,2026-11-01,80000,2000,2000,80000
1248,104,2026-12-01,80000,1000,500,80500
1249,105,2026-01-01,80000,5000,1500,83500
1250,105,2026-02-01,80000,2000,2000,80000
1251,105,2026-03-01,80000,2000,500,81500
1252,105,2026-04-01,80000,1000,2000,79000
1253,105,2026-05-01,80000,2000,1000,81000
1254,105,2026-06-01,80000,3000,500,82500
1255,105,2026-07-01,80000,2000,1500,80500
1256,105,2026-08-01,80000,0,1500,78500
1257,105,2026-09-01,80000,2000,2000,80000
1258,105,2026-10-01,80000,3000,2000,81000
1259,105,2026-11-01,80000,0,500,79500
1260,105,2026-12-01,80000,5000,1500,83500
1261,106,2026-01-01,35000,2000,1000,36000
1262,106,2026-02-01,35000,3000,500,37500
1263,106,2026-03-01,35000,3000,1500,36500
1264,106,2026-04-01,35000,5000,2000,38000
1265,106,2026-05-01,35000,0,1000,34000
1266,106,2026-06-01,35000,3000,1000,37000
1267,106,2026-07-01,35000,1000,2000,34000
1268,106,2026-08-01,35000,0,500,34500
1269,106,2026-09-01,35000,1000,500,35500
1270,106,2026-10-01,35000,0,2000,33000
1271,106,2026-11-01,35000,1000,500,35500
1272,106,2026-12-01,35000,2000,1500,35500
1273,107,2026-01-01,80000,0,2000,78000
1274,107,2026-02-01,80000,5000,500,84500
1275,107,2026-03-01,80000,1000,500,80500
1276,107,2026-04-01,80000,5000,2000,83000
1277,107,2026-05-01,80000,2000,500,81500
1278,107,2026-06-01,80000,5000,1500,83500
1279,107,2026-07-01,80000,1000,2000,79000
1280,107,2026-08-01,80000,3000,1500,81500
1281,107,2026-09-01,80000,0,1500,78500
1282,107,2026-10-01,80000,2000,500,81500
1283,107,2026-11-01,80000,2000,1500,80500
1284,107,2026-12-01,80000,2000,1000,81000
1285,108,2026-01-01,45000,5000,2000,48000
1286,108,2026-02-01,45000,0,1000,44000
1287,108,2026-03-01,45000,1000,500,45500
1288,108,2026-04-01,45000,1000,500,45500
1289,108,2026-05-01,45000,0,1000,44000
1290,108,2026-06-01,45000,5000,1000,49000
1291,108,2026-07-01,45000,2000,1000,46000
1292,108,2026-08-01,45000,0,1500,43500
1293,108,2026-09-01,45000,3000,1500,46500
1294,108,2026-10-01,45000,1000,1500,44500
1295,108,2026-11-01,45000,5000,500,49500
1296,108,2026-12-01,45000,0,2000,43000
1297,109,2026-01-01,35000,5000,2000,38000
1298,109,2026-02-01,35000,3000,500,37500
1299,109,2026-03-01,35000,0,2000,33000
1300,109,2026-04-01,35000,5000,1000,39000
1301,109,2026-05-01,35000,5000,2000,38000
1302,109,2026-06-01,35000,1000,2000,34000
1303,109,2026-07-01,35000,1000,1500,34500
1304,109,2026-08-01,35000,0,500,34500
1305,109,2026-09-01,35000,3000,1000,37000
1306,109,2026-10-01,35000,2000,500,36500
1307,109,2026-11-01,35000,1000,1000,35000
1308,109,2026-12-01,35000,3000,2000,36000
1309,110,2026-01-01,65000,2000,2000,65000
1310,110,2026-02-01,65000,0,1000,64000
1311,110,2026-03-01,65000,5000,500,69500
1312,110,2026-04-01,65000,0,2000,63000
1313,110,2026-05-01,65000,2000,1500,65500
1314,110,2026-06-01,65000,3000,500,67500
1315,110,2026-07-01,65000,0,1500,63500
1316,110,2026-08-01,65000,5000,1000,69000
1317,110,2026-09-01,65000,2000,1000,66000
1318,110,2026-10-01,65000,2000,1500,65500
1319,110,2026-11-01,65000,2000,1000,66000
1320,110,2026-12-01,65000,3000,2000,66000
1321,111,2026-01-01,35000,2000,1000,36000
1322,111,2026-02-01,35000,5000,1000,39000
1323,111,2026-03-01,35000,1000,1000,35000
1324,111,2026-04-01,35000,5000,1500,38500
1325,111,2026-05-01,35000,0,1500,33500
1326,111,2026-06-01,35000,0,1000,34000
1327,111,2026-07-01,35000,1000,500,35500
1328,111,2026-08-01,35000,5000,500,39500
1329,111,2026-09-01,35000,1000,2000,34000
1330,111,2026-10-01,35000,3000,1500,36500
1331,111,2026-11-01,35000,0,1500,33500
1332,111,2026-12-01,35000,0,2000,33000
1333,112,2026-01-01,80000,2000,1000,81000
1334,112,2026-02-01,80000,1000,1500,79500
1335,112,2026-03-01,80000,0,1000,79000
1336,112,2026-04-01,80000,0,2000,78000
1337,112,2026-05-01,80000,3000,1500,81500
1338,112,2026-06-01,80000,5000,1500,83500
1339,112,2026-07-01,80000,0,500,79500
1340,112,2026-08-01,80000,0,1500,78500
1341,112,2026-09-01,80000,1000,1500,79500
1342,112,2026-10-01,80000,3000,1000,82000
1343,112,2026-11-01,80000,1000,2000,79000
1344,112,2026-12-01,80000,0,2000,78000
1345,113,2026-01-01,95000,1000,1500,94500
1346,113,2026-02-01,95000,2000,1500,95500
1347,113,2026-03-01,95000,5000,1500,98500
1348,113,2026-04-01,95000,1000,2000,94000
1349,113,2026-05-01,95000,0,500,94500
1350,113,2026-06-01,95000,2000,1500,95500
1351,113,2026-07-01,95000,3000,500,97500
1352,113,2026-08-01,95000,5000,1500,98500
1353,113,2026-09-01,95000,3000,1000,97000
1354,113,2026-10-01,95000,1000,500,95500
1355,113,2026-11-01,95000,0,1500,93500
1356,113,2026-12-01,95000,0,1000,94000
1357,114,2026-01-01,65000,0,2000,63000
1358,114,2026-02-01,65000,3000,500,67500
1359,114,2026-03-01,65000,2000,1000,66000
1360,114,2026-04-01,65000,0,2000,63000
1361,114,2026-05-01,65000,1000,500,65500
1362,114,2026-06-01,65000,3000,500,67500
1363,114,2026-07-01,65000,0,1000,64000
1364,114,2026-08-01,65000,5000,2000,68000
1365,114,2026-09-01,65000,3000,2000,66000
1366,114,2026-10-01,65000,2000,1000,66000
1367,114,2026-11-01,65000,2000,500,66500
1368,114,2026-12-01,65000,2000,2000,65000
1369,115,2026-01-01,45000,0,1500,43500
1370,115,2026-02-01,45000,3000,1500,46500
1371,115,2026-03-01,45000,2000,1000,46000
1372,115,2026-04-01,45000,2000,1500,45500
1373,115,2026-05-01,45000,0,1000,44000
1374,115,2026-06-01,45000,5000,1000,49000
1375,115,2026-07-01,45000,0,500,44500
1376,115,2026-08-01,45000,5000,500,49500
1377,115,2026-09-01,45000,1000,1000,45000
1378,115,2026-10-01,45000,3000,2000,46000
1379,115,2026-11-01,45000,0,2000,43000
1380,115,2026-12-01,45000,5000,500,49500
1381,116,2026-01-01,35000,0,2000,33000
1382,116,2026-02-01,35000,1000,1500,34500
1383,116,2026-03-01,35000,3000,2000,36000
1384,116,2026-04-01,35000,1000,500,35500
1385,116,2026-05-01,35000,2000,1000,36000
1386,116,2026-06-01,35000,1000,500,35500
1387,116,2026-07-01,35000,0,1500,33500
1388,116,2026-08-01,35000,1000,2000,34000
1389,116,2026-09-01,35000,2000,1000,36000
1390,116,2026-10-01,35000,3000,500,37500
1391,116,2026-11-01,35000,3000,500,37500
1392,116,2026-12-01,35000,1000,1500,34500
1393,117,2026-01-01,55000,0,1500,53500
1394,117,2026-02-01,55000,0,1000,54000
1395,117,2026-03-01,55000,2000,500,56500
1396,117,2026-04-01,55000,2000,1000,56000
1397,117,2026-05-01,55000,0,2000,53000
1398,117,2026-06-01,55000,3000,1500,56500
1399,117,2026-07-01,55000,0,500,54500
1400,117,2026-08-01,55000,5000,2000,58000
1401,117,2026-09-01,55000,3000,500,57500
1402,117,2026-10-01,55000,3000,1000,57000
1403,117,2026-11-01,55000,2000,1500,55500
1404,117,2026-12-01,55000,5000,2000,58000
1405,118,2026-01-01,95000,5000,2000,98000
1406,118,2026-02-01,95000,3000,1500,96500
1407,118,2026-03-01,95000,0,1500,93500
1408,118,2026-04-01,95000,5000,500,99500
1409,118,2026-05-01,95000,2000,1000,96000
1410,118,2026-06-01,95000,3000,1500,96500
1411,118,2026-07-01,95000,3000,2000,96000
1412,118,2026-08-01,95000,3000,2000,96000
1413,118,2026-09-01,95000,2000,500,96500
1414,118,2026-10-01,95000,0,1000,94000
1415,118,2026-11-01,95000,0,2000,93000
1416,118,2026-12-01,95000,2000,500,96500
1417,119,2026-01-01,95000,0,500,94500
1418,119,2026-02-01,95000,5000,1000,99000
1419,119,2026-03-01,95000,3000,1000,97000
1420,119,2026-04-01,95000,2000,1500,95500
1421,119,2026-05-01,95000,5000,1000,99000
1422,119,2026-06-01,95000,2000,1500,95500
1423,119,2026-07-01,95000,5000,1500,98500
1424,119,2026-08-01,95000,3000,2000,96000
1425,119,2026-09-01,95000,1000,1500,94500
1426,119,2026-10-01,95000,0,1000,94000
1427,119,2026-11-01,95000,1000,2000,94000
1428,119,2026-12-01,95000,1000,1000,95000
1429,120,2026-01-01,35000,2000,500,36500
1430,120,2026-02-01,35000,1000,1000,35000
1431,120,2026-03-01,35000,0,1000,34000
1432,120,2026-04-01,35000,3000,1500,36500
1433,120,2026-05-01,35000,3000,1500,36500
1434,120,2026-06-01,35000,2000,2000,35000
1435,120,2026-07-01,35000,5000,2000,38000
1436,120,2026-08-01,35000,3000,1000,37000
1437,120,2026-09-01,35000,3000,1500,36500
1438,120,2026-10-01,35000,1000,2000,34000
1439,120,2026-11-01,35000,3000,1000,37000
1440,120,2026-12-01,35000,0,1500,33500
1441,121,2026-01-01,55000,3000,1000,57000
1442,121,2026-02-01,55000,5000,500,59500
1443,121,2026-03-01,55000,1000,1000,55000
1444,121,2026-04-01,55000,1000,1500,54500
1445,121,2026-05-01,55000,3000,2000,56000
1446,121,2026-06-01,55000,1000,2000,54000
1447,121,2026-07-01,55000,5000,500,59500
1448,121,2026-08-01,55000,3000,500,57500
1449,121,2026-09-01,55000,1000,1000,55000
1450,121,2026-10-01,55000,1000,2000,54000
1451,121,2026-11-01,55000,0,500,54500
1452,121,2026-12-01,55000,5000,2000,58000
1453,122,2026-01-01,35000,5000,2000,38000
1454,122,2026-02-01,35000,5000,2000,38000
1455,122,2026-03-01,35000,0,2000,33000
1456,122,2026-04-01,35000,1000,1000,35000
1457,122,2026-05-01,35000,1000,2000,34000
1458,122,2026-06-01,35000,0,1500,33500
1459,122,2026-07-01,35000,5000,500,39500
1460,122,2026-08-01,35000,3000,1000,37000
1461,122,2026-09-01,35000,1000,1500,34500
1462,122,2026-10-01,35000,1000,1500,34500
1463,122,2026-11-01,35000,5000,500,39500
1464,122,2026-12-01,35000,0,1000,34000
1465,123,2026-01-01,80000,5000,1500,83500
1466,123,2026-02-01,80000,5000,1000,84000
1467,123,2026-03-01,80000,2000,500,81500
1468,123,2026-04-01,80000,3000,1000,82000
1469,123,2026-05-01,80000,5000,1500,83500
1470,123,2026-06-01,80000,2000,1000,81000
1471,123,2026-07-01,80000,3000,2000,81000
1472,123,2026-08-01,80000,2000,1500,80500
1473,123,2026-09-01,80000,3000,500,82500
1474,123,2026-10-01,80000,2000,2000,80000
1475,123,2026-11-01,80000,5000,1000,84000
1476,123,2026-12-01,80000,2000,1000,81000
1477,124,2026-01-01,45000,5000,500,49500
1478,124,2026-02-01,45000,5000,500,49500
1479,124,2026-03-01,45000,1000,1000,45000
1480,124,2026-04-01,45000,1000,500,45500
1481,124,2026-05-01,45000,0,500,44500
1482,124,2026-06-01,45000,2000,1000,46000
1483,124,2026-07-01,45000,5000,1000,49000
1484,124,2026-08-01,45000,2000,1500,45500
1485,124,2026-09-01,45000,0,2000,43000
1486,124,2026-10-01,45000,0,1000,44000
1487,124,2026-11-01,45000,3000,1500,46500
1488,124,2026-12-01,45000,2000,500,46500
1489,125,2026-01-01,45000,3000,1500,46500
1490,125,2026-02-01,45000,3000,1000,47000
1491,125,2026-03-01,45000,5000,2000,48000
1492,125,2026-04-01,45000,3000,1000,47000
1493,125,2026-05-01,45000,2000,1500,45500
1494,125,2026-06-01,45000,3000,1500,46500
1495,125,2026-07-01,45000,3000,500,47500
1496,125,2026-08-01,45000,3000,1500,46500
1497,125,2026-09-01,45000,0,1000,44000
1498,125,2026-10-01,45000,5000,500,49500
1499,125,2026-11-01,45000,2000,500,46500
1500,125,2026-12-01,45000,2000,1000,46000
1501,126,2026-01-01,65000,1000,1500,64500
1502,126,2026-02-01,65000,5000,1000,69000
1503,126,2026-03-01,65000,3000,1500,66500
1504,126,2026-04-01,65000,2000,2000,65000
1505,126,2026-05-01,65000,1000,500,65500
1506,126,2026-06-01,65000,2000,1000,66000
1507,126,2026-07-01,65000,5000,500,69500
1508,126,2026-08-01,65000,5000,2000,68000
1509,126,2026-09-01,65000,2000,1500,65500
1510,126,2026-10-01,65000,2000,2000,65000
1511,126,2026-11-01,65000,2000,1000,66000
1512,126,2026-12-01,65000,3000,2000,66000
1513,127,2026-01-01,95000,3000,2000,96000
1514,127,2026-02-01,95000,0,2000,93000
1515,127,2026-03-01,95000,2000,1000,96000
1516,127,2026-04-01,95000,5000,1500,98500
1517,127,2026-05-01,95000,5000,2000,98000
1518,127,2026-06-01,95000,0,1000,94000
1519,127,2026-07-01,95000,2000,2000,95000
1520,127,2026-08-01,95000,3000,2000,96000
1521,127,2026-09-01,95000,3000,1500,96500
1522,127,2026-10-01,95000,1000,500,95500
1523,127,2026-11-01,95000,3000,1500,96500
1524,127,2026-12-01,95000,0,1000,94000
1525,128,2026-01-01,45000,3000,500,47500
1526,128,2026-02-01,45000,3000,1500,46500
1527,128,2026-03-01,45000,0,1500,43500
1528,128,2026-04-01,45000,5000,1500,48500
1529,128,2026-05-01,45000,0,500,44500
1530,128,2026-06-01,45000,0,500,44500
1531,128,2026-07-01,45000,1000,1000,45000
1532,128,2026-08-01,45000,2000,2000,45000
1533,128,2026-09-01,45000,5000,500,49500
1534,128,2026-10-01,45000,1000,1000,45000
1535,128,2026-11-01,45000,0,1000,44000
1536,128,2026-12-01,45000,3000,1500,46500
1537,129,2026-01-01,45000,0,1000,44000
1538,129,2026-02-01,45000,1000,1500,44500
1539,129,2026-03-01,45000,3000,1000,47000
1540,129,2026-04-01,45000,0,1000,44000
1541,129,2026-05-01,45000,3000,1000,47000
1542,129,2026-06-01,45000,3000,2000,46000
1543,129,2026-07-01,45000,5000,500,49500
1544,129,2026-08-01,45000,1000,500,45500
1545,129,2026-09-01,45000,5000,1500,48500
1546,129,2026-10-01,45000,1000,1500,44500
1547,129,2026-11-01,45000,5000,500,49500
1548,129,2026-12-01,45000,0,2000,43000
1549,130,2026-01-01,45000,3000,500,47500
1550,130,2026-02-01,45000,5000,2000,48000
1551,130,2026-03-01,45000,2000,2000,45000
1552,130,2026-04-01,45000,3000,500,47500
1553,130,2026-05-01,45000,5000,2000,48000
1554,130,2026-06-01,45000,5000,1500,48500
1555,130,2026-07-01,45000,1000,2000,44000
1556,130,2026-08-01,45000,5000,500,49500
1557,130,2026-09-01,45000,1000,500,45500
1558,130,2026-10-01,45000,2000,2000,45000
1559,130,2026-11-01,45000,0,1500,43500
1560,130,2026-12-01,45000,3000,500,47500
1561,131,2026-01-01,80000,5000,2000,83000
1562,131,2026-02-01,80000,0,1000,79000
1563,131,2026-03-01,80000,5000,2000,83000
1564,131,2026-04-01,80000,2000,1000,81000
1565,131,2026-05-01,80000,0,500,79500
1566,131,2026-06-01,80000,1000,1000,80000
1567,131,2026-07-01,80000,2000,1500,80500
1568,131,2026-08-01,80000,5000,1000,84000
1569,131,2026-09-01,80000,2000,1500,80500
1570,131,2026-10-01,80000,5000,500,84500
1571,131,2026-11-01,80000,3000,500,82500
1572,131,2026-12-01,80000,5000,2000,83000
1573,132,2026-01-01,80000,2000,1000,81000
1574,132,2026-02-01,80000,3000,1500,81500
1575,132,2026-03-01,80000,5000,500,84500
1576,132,2026-04-01,80000,1000,2000,79000
1577,132,2026-05-01,80000,3000,500,82500
1578,132,2026-06-01,80000,2000,2000,80000
1579,132,2026-07-01,80000,0,2000,78000
1580,132,2026-08-01,80000,3000,500,82500
1581,132,2026-09-01,80000,2000,2000,80000
1582,132,2026-10-01,80000,5000,2000,83000
1583,132,2026-11-01,80000,1000,1500,79500
1584,132,2026-12-01,80000,5000,500,84500
1585,133,2026-01-01,45000,1000,500,45500
1586,133,2026-02-01,45000,1000,2000,44000
1587,133,2026-03-01,45000,1000,2000,44000
1588,133,2026-04-01,45000,3000,1000,47000
1589,133,2026-05-01,45000,0,1000,44000
1590,133,2026-06-01,45000,1000,2000,44000
1591,133,2026-07-01,45000,1000,2000,44000
1592,133,2026-08-01,45000,1000,500,45500
1593,133,2026-09-01,45000,0,500,44500
1594,133,2026-10-01,45000,0,1500,43500
1595,133,2026-11-01,45000,3000,2000,46000
1596,133,2026-12-01,45000,2000,2000,45000
1597,134,2026-01-01,45000,1000,1500,44500
1598,134,2026-02-01,45000,5000,1500,48500
1599,134,2026-03-01,45000,2000,1000,46000
1600,134,2026-04-01,45000,5000,1000,49000
1601,134,2026-05-01,45000,3000,500,47500
1602,134,2026-06-01,45000,5000,1500,48500
1603,134,2026-07-01,45000,5000,500,49500
1604,134,2026-08-01,45000,5000,1500,48500
1605,134,2026-09-01,45000,1000,2000,44000
1606,134,2026-10-01,45000,3000,2000,46000
1607,134,2026-11-01,45000,2000,2000,45000
1608,134,2026-12-01,45000,5000,1500,48500
1609,135,2026-01-01,45000,5000,500,49500
1610,135,2026-02-01,45000,2000,2000,45000
1611,135,2026-03-01,45000,0,500,44500
1612,135,2026-04-01,45000,0,1000,44000
1613,135,2026-05-01,45000,1000,500,45500
1614,135,2026-06-01,45000,1000,500,45500
1615,135,2026-07-01,45000,1000,1000,45000
1616,135,2026-08-01,45000,1000,2000,44000
1617,135,2026-09-01,45000,0,2000,43000
1618,135,2026-10-01,45000,5000,2000,48000
1619,135,2026-11-01,45000,0,2000,43000
1620,135,2026-12-01,45000,1000,2000,44000
1621,136,2026-01-01,65000,0,1000,64000
1622,136,2026-02-01,65000,3000,1500,66500
1623,136,2026-03-01,65000,5000,1500,68500
1624,136,2026-04-01,65000,5000,2000,68000
1625,136,2026-05-01,65000,2000,1000,66000
1626,136,2026-06-01,65000,1000,500,65500
1627,136,2026-07-01,65000,3000,500,67500
1628,136,2026-08-01,65000,3000,1000,67000
1629,136,2026-09-01,65000,2000,1500,65500
1630,136,2026-10-01,65000,2000,1000,66000
1631,136,2026-11-01,65000,2000,1500,65500
1632,136,2026-12-01,65000,3000,500,67500
1633,137,2026-01-01,65000,1000,500,65500
1634,137,2026-02-01,65000,0,500,64500
1635,137,2026-03-01,65000,2000,1000,66000
1636,137,2026-04-01,65000,5000,500,69500
1637,137,2026-05-01,65000,3000,1500,66500
1638,137,2026-06-01,65000,5000,1500,68500
1639,137,2026-07-01,65000,2000,500,66500
1640,137,2026-08-01,65000,2000,500,66500
1641,137,2026-09-01,65000,5000,2000,68000
1642,137,2026-10-01,65000,0,1500,63500
1643,137,2026-11-01,65000,0,1000,64000
1644,137,2026-12-01,65000,0,1000,64000
1645,138,2026-01-01,65000,3000,1500,66500
1646,138,2026-02-01,65000,0,500,64500
1647,138,2026-03-01,65000,1000,2000,64000
1648,138,2026-04-01,65000,3000,500,67500
1649,138,2026-05-01,65000,2000,1500,65500
1650,138,2026-06-01,65000,0,1000,64000
1651,138,2026-07-01,65000,5000,500,69500
1652,138,2026-08-01,65000,2000,1500,65500
1653,138,2026-09-01,65000,2000,500,66500
1654,138,2026-10-01,65000,0,2000,63000
1655,138,2026-11-01,65000,3000,2000,66000
1656,138,2026-12-01,65000,3000,1000,67000
1657,139,2026-01-01,45000,5000,1500,48500
1658,139,2026-02-01,45000,2000,500,46500
1659,139,2026-03-01,45000,0,1500,43500
1660,139,2026-04-01,45000,1000,500,45500
1661,139,2026-05-01,45000,0,1500,43500
1662,139,2026-06-01,45000,2000,2000,45000
1663,139,2026-07-01,45000,2000,1500,45500
1664,139,2026-08-01,45000,5000,1000,49000
1665,139,2026-09-01,45000,1000,1000,45000
1666,139,2026-10-01,45000,0,1000,44000
1667,139,2026-11-01,45000,1000,1500,44500
1668,139,2026-12-01,45000,0,500,44500
1669,140,2026-01-01,45000,2000,500,46500
1670,140,2026-02-01,45000,5000,1000,49000
1671,140,2026-03-01,45000,1000,500,45500
1672,140,2026-04-01,45000,2000,1500,45500
1673,140,2026-05-01,45000,5000,500,49500
1674,140,2026-06-01,45000,2000,500,46500
1675,140,2026-07-01,45000,0,500,44500
1676,140,2026-08-01,45000,5000,500,49500
1677,140,2026-09-01,45000,1000,1500,44500
1678,140,2026-10-01,45000,5000,2000,48000
1679,140,2026-11-01,45000,1000,1500,44500
1680,140,2026-12-01,45000,5000,1500,48500
1681,141,2026-01-01,80000,5000,500,84500
1682,141,2026-02-01,80000,3000,1000,82000
1683,141,2026-03-01,80000,0,1000,79000
1684,141,2026-04-01,80000,2000,2000,80000
1685,141,2026-05-01,80000,5000,1500,83500
1686,141,2026-06-01,80000,5000,1500,83500
1687,141,2026-07-01,80000,2000,1000,81000
1688,141,2026-08-01,80000,1000,1500,79500
1689,141,2026-09-01,80000,0,2000,78000
1690,141,2026-10-01,80000,3000,2000,81000
1691,141,2026-11-01,80000,3000,1000,82000
1692,141,2026-12-01,80000,0,1500,78500
1693,142,2026-01-01,35000,1000,1500,34500
1694,142,2026-02-01,35000,2000,1000,36000
1695,142,2026-03-01,35000,5000,1500,38500
1696,142,2026-04-01,35000,2000,500,36500
1697,142,2026-05-01,35000,5000,1500,38500
1698,142,2026-06-01,35000,5000,1000,39000
1699,142,2026-07-01,35000,0,2000,33000
1700,142,2026-08-01,35000,2000,1500,35500
1701,142,2026-09-01,35000,1000,2000,34000
1702,142,2026-10-01,35000,3000,1500,36500
1703,142,2026-11-01,35000,0,1000,34000
1704,142,2026-12-01,35000,2000,500,36500
1705,143,2026-01-01,35000,1000,1500,34500
1706,143,2026-02-01,35000,0,1500,33500
1707,143,2026-03-01,35000,3000,2000,36000
1708,143,2026-04-01,35000,5000,2000,38000
1709,143,2026-05-01,35000,5000,500,39500
1710,143,2026-06-01,35000,3000,500,37500
1711,143,2026-07-01,35000,1000,1500,34500
1712,143,2026-08-01,35000,0,1000,34000
1713,143,2026-09-01,35000,2000,1000,36000
1714,143,2026-10-01,35000,3000,1000,37000
1715,143,2026-11-01,35000,1000,1000,35000
1716,143,2026-12-01,35000,3000,500,37500
1717,144,2026-01-01,65000,0,500,64500
1718,144,2026-02-01,65000,0,1500,63500
1719,144,2026-03-01,65000,1000,500,65500
1720,144,2026-04-01,65000,2000,1000,66000
1721,144,2026-05-01,65000,3000,2000,66000
1722,144,2026-06-01,65000,1000,1500,64500
1723,144,2026-07-01,65000,1000,500,65500
1724,144,2026-08-01,65000,3000,1500,66500
1725,144,2026-09-01,65000,1000,2000,64000
1726,144,2026-10-01,65000,5000,1000,69000
1727,144,2026-11-01,65000,2000,1500,65500
1728,144,2026-12-01,65000,1000,500,65500
1729,145,2026-01-01,95000,5000,1000,99000
1730,145,2026-02-01,95000,5000,500,99500
1731,145,2026-03-01,95000,1000,1000,95000
1732,145,2026-04-01,95000,3000,1000,97000
1733,145,2026-05-01,95000,3000,2000,96000
1734,145,2026-06-01,95000,1000,500,95500
1735,145,2026-07-01,95000,3000,500,97500
1736,145,2026-08-01,95000,3000,2000,96000
1737,145,2026-09-01,95000,3000,500,97500
1738,145,2026-10-01,95000,1000,1000,95000
1739,145,2026-11-01,95000,0,1000,94000
1740,145,2026-12-01,95000,5000,1500,98500
1741,146,2026-01-01,55000,3000,1000,57000
1742,146,2026-02-01,55000,3000,1500,56500
1743,146,2026-03-01,55000,2000,1000,56000
1744,146,2026-04-01,55000,5000,1000,59000
1745,146,2026-05-01,55000,2000,2000,55000
1746,146,2026-06-01,55000,3000,500,57500
1747,146,2026-07-01,55000,2000,2000,55000
1748,146,2026-08-01,55000,2000,1500,55500
1749,146,2026-09-01,55000,5000,1000,59000
1750,146,2026-10-01,55000,3000,1000,57000
1751,146,2026-11-01,55000,5000,1500,58500
1752,146,2026-12-01,55000,3000,1000,57000
1753,147,2026-01-01,65000,0,1000,64000
1754,147,2026-02-01,65000,5000,500,69500
1755,147,2026-03-01,65000,2000,1000,66000
1756,147,2026-04-01,65000,0,2000,63000
1757,147,2026-05-01,65000,2000,2000,65000
1758,147,2026-06-01,65000,3000,2000,66000
1759,147,2026-07-01,65000,0,2000,63000
1760,147,2026-08-01,65000,2000,2000,65000
1761,147,2026-09-01,65000,3000,2000,66000
1762,147,2026-10-01,65000,1000,1500,64500
1763,147,2026-11-01,65000,5000,1500,68500
1764,147,2026-12-01,65000,2000,2000,65000
1765,148,2026-01-01,95000,0,2000,93000
1766,148,2026-02-01,95000,5000,2000,98000
1767,148,2026-03-01,95000,0,2000,93000
1768,148,2026-04-01,95000,5000,2000,98000
1769,148,2026-05-01,95000,3000,2000,96000
1770,148,2026-06-01,95000,0,1000,94000
1771,148,2026-07-01,95000,0,2000,93000
1772,148,2026-08-01,95000,5000,1000,99000
1773,148,2026-09-01,95000,1000,1500,94500
1774,148,2026-10-01,95000,5000,500,99500
1775,148,2026-11-01,95000,2000,1000,96000
1776,148,2026-12-01,95000,1000,1500,94500
1777,149,2026-01-01,65000,1000,1000,65000
1778,149,2026-02-01,65000,0,1500,63500
1779,149,2026-03-01,65000,5000,500,69500
1780,149,2026-04-01,65000,5000,500,69500
1781,149,2026-05-01,65000,2000,1500,65500
1782,149,2026-06-01,65000,5000,500,69500
1783,149,2026-07-01,65000,5000,1500,68500
1784,149,2026-08-01,65000,1000,2000,64000
1785,149,2026-09-01,65000,2000,2000,65000
1786,149,2026-10-01,65000,5000,2000,68000
1787,149,2026-11-01,65000,1000,1500,64500
1788,149,2026-12-01,65000,1000,2000,64000
1789,150,2026-01-01,35000,0,500,34500
1790,150,2026-02-01,35000,0,1000,34000
1791,150,2026-03-01,35000,3000,500,37500
1792,150,2026-04-01,35000,1000,2000,34000
1793,150,2026-05-01,35000,3000,2000,36000
1794,150,2026-06-01,35000,5000,2000,38000
1795,150,2026-07-01,35000,0,500,34500
1796,150,2026-08-01,35000,3000,1000,37000
1797,150,2026-09-01,35000,5000,1000,39000
1798,150,2026-10-01,35000,1000,1500,34500
1799,150,2026-11-01,35000,3000,2000,36000
1800,150,2026-12-01,35000,1000,1500,34500
1801,151,2026-01-01,45000,3000,2000,46000
1802,151,2026-02-01,45000,0,2000,43000
1803,151,2026-03-01,45000,5000,1000,49000
1804,151,2026-04-01,45000,0,500,44500
1805,151,2026-05-01,45000,5000,2000,48000
1806,151,2026-06-01,45000,5000,2000,48000
1807,151,2026-07-01,45000,0,1500,43500
1808,151,2026-08-01,45000,2000,1000,46000
1809,151,2026-09-01,45000,5000,1500,48500
1810,151,2026-10-01,45000,2000,2000,45000
1811,151,2026-11-01,45000,3000,500,47500
1812,151,2026-12-01,45000,1000,1500,44500
1813,152,2026-01-01,45000,3000,2000,46000
1814,152,2026-02-01,45000,1000,1000,45000
1815,152,2026-03-01,45000,2000,1500,45500
1816,152,2026-04-01,45000,5000,1000,49000
1817,152,2026-05-01,45000,0,500,44500
1818,152,2026-06-01,45000,1000,500,45500
1819,152,2026-07-01,45000,1000,2000,44000
1820,152,2026-08-01,45000,2000,2000,45000
1821,152,2026-09-01,45000,5000,1500,48500
1822,152,2026-10-01,45000,0,1500,43500
1823,152,2026-11-01,45000,3000,1000,47000
1824,152,2026-12-01,45000,0,500,44500
1825,153,2026-01-01,65000,5000,1500,68500
1826,153,2026-02-01,65000,5000,2000,68000
1827,153,2026-03-01,65000,2000,2000,65000
1828,153,2026-04-01,65000,2000,500,66500
1829,153,2026-05-01,65000,0,500,64500
1830,153,2026-06-01,65000,3000,1000,67000
1831,153,2026-07-01,65000,0,500,64500
1832,153,2026-08-01,65000,3000,500,67500
1833,153,2026-09-01,65000,2000,1500,65500
1834,153,2026-10-01,65000,0,2000,63000
1835,153,2026-11-01,65000,1000,1000,65000
1836,153,2026-12-01,65000,1000,1500,64500
1837,154,2026-01-01,45000,5000,1500,48500
1838,154,2026-02-01,45000,0,1000,44000
1839,154,2026-03-01,45000,2000,2000,45000
1840,154,2026-04-01,45000,5000,2000,48000
1841,154,2026-05-01,45000,2000,500,46500
1842,154,2026-06-01,45000,1000,2000,44000
1843,154,2026-07-01,45000,3000,1000,47000
1844,154,2026-08-01,45000,0,1000,44000
1845,154,2026-09-01,45000,2000,1500,45500
1846,154,2026-10-01,45000,1000,2000,44000
1847,154,2026-11-01,45000,5000,2000,48000
1848,154,2026-12-01,45000,0,2000,43000
1849,155,2026-01-01,55000,0,2000,53000
1850,155,2026-02-01,55000,2000,500,56500
1851,155,2026-03-01,55000,0,1000,54000
1852,155,2026-04-01,55000,5000,2000,58000
1853,155,2026-05-01,55000,2000,2000,55000
1854,155,2026-06-01,55000,5000,1500,58500
1855,155,2026-07-01,55000,5000,1500,58500
1856,155,2026-08-01,55000,5000,500,59500
1857,155,2026-09-01,55000,3000,2000,56000
1858,155,2026-10-01,55000,1000,2000,54000
1859,155,2026-11-01,55000,3000,500,57500
1860,155,2026-12-01,55000,5000,1000,59000
1861,156,2026-01-01,45000,1000,1000,45000
1862,156,2026-02-01,45000,3000,2000,46000
1863,156,2026-03-01,45000,2000,1500,45500
1864,156,2026-04-01,45000,3000,1500,46500
1865,156,2026-05-01,45000,0,500,44500
1866,156,2026-06-01,45000,2000,1500,45500
1867,156,2026-07-01,45000,0,1500,43500
1868,156,2026-08-01,45000,1000,1000,45000
1869,156,2026-09-01,45000,3000,2000,46000
1870,156,2026-10-01,45000,2000,1500,45500
1871,156,2026-11-01,45000,1000,2000,44000
1872,156,2026-12-01,45000,5000,1000,49000
1873,157,2026-01-01,65000,3000,1500,66500
1874,157,2026-02-01,65000,0,500,64500
1875,157,2026-03-01,65000,2000,500,66500
1876,157,2026-04-01,65000,5000,1000,69000
1877,157,2026-05-01,65000,3000,500,67500
1878,157,2026-06-01,65000,0,1500,63500
1879,157,2026-07-01,65000,5000,500,69500
1880,157,2026-08-01,65000,0,1500,63500
1881,157,2026-09-01,65000,2000,1500,65500
1882,157,2026-10-01,65000,5000,1500,68500
1883,157,2026-11-01,65000,2000,1000,66000
1884,157,2026-12-01,65000,0,500,64500
1885,158,2026-01-01,45000,0,1000,44000
1886,158,2026-02-01,45000,0,1500,43500
1887,158,2026-03-01,45000,3000,2000,46000
1888,158,2026-04-01,45000,0,2000,43000
1889,158,2026-05-01,45000,5000,1500,48500
1890,158,2026-06-01,45000,0,500,44500
1891,158,2026-07-01,45000,3000,1000,47000
1892,158,2026-08-01,45000,5000,1500,48500
1893,158,2026-09-01,45000,5000,1500,48500
1894,158,2026-10-01,45000,2000,1500,45500
1895,158,2026-11-01,45000,3000,1500,46500
1896,158,2026-12-01,45000,1000,2000,44000
1897,159,2026-01-01,95000,0,1000,94000
1898,159,2026-02-01,95000,1000,500,95500
1899,159,2026-03-01,95000,3000,1000,97000
1900,159,2026-04-01,95000,0,500,94500
1901,159,2026-05-01,95000,2000,1000,96000
1902,159,2026-06-01,95000,0,2000,93000
1903,159,2026-07-01,95000,3000,500,97500
1904,159,2026-08-01,95000,2000,1500,95500
1905,159,2026-09-01,95000,1000,1000,95000
1906,159,2026-10-01,95000,2000,1000,96000
1907,159,2026-11-01,95000,2000,1500,95500
1908,159,2026-12-01,95000,3000,500,97500
1909,160,2026-01-01,65000,1000,2000,64000
1910,160,2026-02-01,65000,1000,1500,64500
1911,160,2026-03-01,65000,0,1000,64000
1912,160,2026-04-01,65000,0,2000,63000
1913,160,2026-05-01,65000,1000,500,65500
1914,160,2026-06-01,65000,0,1500,63500
1915,160,2026-07-01,65000,1000,1000,65000
1916,160,2026-08-01,65000,5000,1500,68500
1917,160,2026-09-01,65000,1000,1000,65000
1918,160,2026-10-01,65000,1000,1500,64500
1919,160,2026-11-01,65000,5000,1000,69000
1920,160,2026-12-01,65000,5000,500,69500
1921,161,2026-01-01,35000,3000,2000,36000
1922,161,2026-02-01,35000,5000,1000,39000
1923,161,2026-03-01,35000,3000,2000,36000
1924,161,2026-04-01,35000,1000,1000,35000
1925,161,2026-05-01,35000,2000,2000,35000
1926,161,2026-06-01,35000,2000,1000,36000
1927,161,2026-07-01,35000,2000,2000,35000
1928,161,2026-08-01,35000,3000,1000,37000
1929,161,2026-09-01,35000,3000,1000,37000
1930,161,2026-10-01,35000,2000,1000,36000
1931,161,2026-11-01,35000,0,2000,33000
1932,161,2026-12-01,35000,5000,1500,38500
1933,162,2026-01-01,80000,1000,1000,80000
1934,162,2026-02-01,80000,5000,500,84500
1935,162,2026-03-01,80000,1000,2000,79000
1936,162,2026-04-01,80000,1000,500,80500
1937,162,2026-05-01,80000,0,500,79500
1938,162,2026-06-01,80000,0,1500,78500
1939,162,2026-07-01,80000,2000,2000,80000
1940,162,2026-08-01,80000,2000,500,81500
1941,162,2026-09-01,80000,3000,2000,81000
1942,162,2026-10-01,80000,0,500,79500
1943,162,2026-11-01,80000,3000,500,82500
1944,162,2026-12-01,80000,5000,1000,84000
1945,163,2026-01-01,55000,0,1500,53500
1946,163,2026-02-01,55000,1000,2000,54000
1947,163,2026-03-01,55000,3000,2000,56000
1948,163,2026-04-01,55000,3000,1000,57000
1949,163,2026-05-01,55000,1000,500,55500
1950,163,2026-06-01,55000,3000,500,57500
1951,163,2026-07-01,55000,0,1000,54000
1952,163,2026-08-01,55000,0,1000,54000
1953,163,2026-09-01,55000,1000,2000,54000
1954,163,2026-10-01,55000,2000,1500,55500
1955,163,2026-11-01,55000,0,2000,53000
1956,163,2026-12-01,55000,3000,1500,56500
1957,164,2026-01-01,45000,3000,500,47500
1958,164,2026-02-01,45000,3000,1500,46500
1959,164,2026-03-01,45000,5000,1500,48500
1960,164,2026-04-01,45000,3000,500,47500
1961,164,2026-05-01,45000,3000,1000,47000
1962,164,2026-06-01,45000,3000,1500,46500
1963,164,2026-07-01,45000,5000,500,49500
1964,164,2026-08-01,45000,5000,1500,48500
1965,164,2026-09-01,45000,5000,1500,48500
1966,164,2026-10-01,45000,0,2000,43000
1967,164,2026-11-01,45000,1000,1500,44500
1968,164,2026-12-01,45000,5000,500,49500
1969,165,2026-01-01,35000,0,2000,33000
1970,165,2026-02-01,35000,2000,500,36500
1971,165,2026-03-01,35000,0,1500,33500
1972,165,2026-04-01,35000,0,2000,33000
1973,165,2026-05-01,35000,5000,1000,39000
1974,165,2026-06-01,35000,0,1000,34000
1975,165,2026-07-01,35000,2000,500,36500
1976,165,2026-08-01,35000,1000,500,35500
1977,165,2026-09-01,35000,5000,500,39500
1978,165,2026-10-01,35000,0,500,34500
1979,165,2026-11-01,35000,1000,1000,35000
1980,165,2026-12-01,35000,0,1000,34000
1981,166,2026-01-01,45000,1000,1000,45000
1982,166,2026-02-01,45000,1000,1000,45000
1983,166,2026-03-01,45000,5000,1000,49000
1984,166,2026-04-01,45000,2000,1000,46000
1985,166,2026-05-01,45000,0,1500,43500
1986,166,2026-06-01,45000,5000,1000,49000
1987,166,2026-07-01,45000,0,500,44500
1988,166,2026-08-01,45000,3000,2000,46000
1989,166,2026-09-01,45000,1000,2000,44000
1990,166,2026-10-01,45000,0,1000,44000
1991,166,2026-11-01,45000,2000,500,46500
1992,166,2026-12-01,45000,3000,2000,46000
1993,167,2026-01-01,95000,3000,1000,97000
1994,167,2026-02-01,95000,0,1000,94000
1995,167,2026-03-01,95000,0,500,94500
1996,167,2026-04-01,95000,5000,1000,99000
1997,167,2026-05-01,95000,2000,2000,95000
1998,167,2026-06-01,95000,0,1500,93500
1999,167,2026-07-01,95000,3000,500,97500
2000,167,2026-08-01,95000,5000,1000,99000
2001,167,2026-09-01,95000,0,500,94500
2002,167,2026-10-01,95000,5000,1500,98500
2003,167,2026-11-01,95000,5000,500,99500
2004,167,2026-12-01,95000,3000,500,97500
2005,168,2026-01-01,35000,3000,500,37500
2006,168,2026-02-01,35000,1000,1000,35000
2007,168,2026-03-01,35000,3000,1500,36500
2008,168,2026-04-01,35000,5000,2000,38000
2009,168,2026-05-01,35000,2000,1500,35500
2010,168,2026-06-01,35000,5000,1000,39000
2011,168,2026-07-01,35000,1000,1500,34500
2012,168,2026-08-01,35000,5000,1000,39000
2013,168,2026-09-01,35000,2000,2000,35000
2014,168,2026-10-01,35000,2000,2000,35000
2015,168,2026-11-01,35000,1000,1000,35000
2016,168,2026-12-01,35000,0,1000,34000
2017,169,2026-01-01,65000,1000,2000,64000
2018,169,2026-02-01,65000,0,1000,64000
2019,169,2026-03-01,65000,0,1500,63500
2020,169,2026-04-01,65000,1000,1000,65000
2021,169,2026-05-01,65000,1000,1500,64500
2022,169,2026-06-01,65000,5000,500,69500
2023,169,2026-07-01,65000,5000,500,69500
2024,169,2026-08-01,65000,3000,500,67500
2025,169,2026-09-01,65000,1000,2000,64000
2026,169,2026-10-01,65000,3000,1500,66500
2027,169,2026-11-01,65000,0,500,64500
2028,169,2026-12-01,65000,5000,1000,69000
2029,170,2026-01-01,95000,5000,2000,98000
2030,170,2026-02-01,95000,3000,1000,97000
2031,170,2026-03-01,95000,2000,1000,96000
2032,170,2026-04-01,95000,3000,1500,96500
2033,170,2026-05-01,95000,0,1500,93500
2034,170,2026-06-01,95000,2000,1500,95500
2035,170,2026-07-01,95000,2000,2000,95000
2036,170,2026-08-01,95000,3000,2000,96000
2037,170,2026-09-01,95000,5000,2000,98000
2038,170,2026-10-01,95000,2000,500,96500
2039,170,2026-11-01,95000,0,1000,94000
2040,170,2026-12-01,95000,1000,2000,94000
2041,171,2026-01-01,65000,3000,500,67500
2042,171,2026-02-01,65000,5000,1500,68500
2043,171,2026-03-01,65000,0,2000,63000
2044,171,2026-04-01,65000,3000,1000,67000
2045,171,2026-05-01,65000,3000,1500,66500
2046,171,2026-06-01,65000,3000,1000,67000
2047,171,2026-07-01,65000,5000,1000,69000
2048,171,2026-08-01,65000,0,1500,63500
2049,171,2026-09-01,65000,3000,1000,67000
2050,171,2026-10-01,65000,1000,1500,64500
2051,171,2026-11-01,65000,5000,1000,69000
2052,171,2026-12-01,65000,5000,2000,68000
2053,172,2026-01-01,55000,3000,1000,57000
2054,172,2026-02-01,55000,1000,1000,55000
2055,172,2026-03-01,55000,3000,1500,56500
2056,172,2026-04-01,55000,1000,2000,54000
2057,172,2026-05-01,55000,2000,2000,55000
2058,172,2026-06-01,55000,0,1500,53500
2059,172,2026-07-01,55000,0,500,54500
2060,172,2026-08-01,55000,3000,2000,56000
2061,172,2026-09-01,55000,1000,1000,55000
2062,172,2026-10-01,55000,1000,500,55500
2063,172,2026-11-01,55000,3000,1000,57000
2064,172,2026-12-01,55000,5000,1500,58500
2065,173,2026-01-01,45000,2000,1500,45500
2066,173,2026-02-01,45000,5000,1000,49000
2067,173,2026-03-01,45000,1000,1500,44500
2068,173,2026-04-01,45000,3000,2000,46000
2069,173,2026-05-01,45000,1000,2000,44000
2070,173,2026-06-01,45000,0,2000,43000
2071,173,2026-07-01,45000,5000,2000,48000
2072,173,2026-08-01,45000,5000,1000,49000
2073,173,2026-09-01,45000,2000,500,46500
2074,173,2026-10-01,45000,0,500,44500
2075,173,2026-11-01,45000,0,1500,43500
2076,173,2026-12-01,45000,5000,500,49500
2077,174,2026-01-01,65000,1000,1000,65000
2078,174,2026-02-01,65000,3000,500,67500
2079,174,2026-03-01,65000,3000,1500,66500
2080,174,2026-04-01,65000,0,2000,63000
2081,174,2026-05-01,65000,0,1500,63500
2082,174,2026-06-01,65000,1000,1500,64500
2083,174,2026-07-01,65000,5000,1000,69000
2084,174,2026-08-01,65000,1000,500,65500
2085,174,2026-09-01,65000,0,500,64500
2086,174,2026-10-01,65000,0,1500,63500
2087,174,2026-11-01,65000,0,2000,63000
2088,174,2026-12-01,65000,3000,2000,66000
2089,175,2026-01-01,35000,5000,2000,38000
2090,175,2026-02-01,35000,2000,500,36500
2091,175,2026-03-01,35000,1000,500,35500
2092,175,2026-04-01,35000,2000,1000,36000
2093,175,2026-05-01,35000,3000,1000,37000
2094,175,2026-06-01,35000,3000,2000,36000
2095,175,2026-07-01,35000,3000,1500,36500
2096,175,2026-08-01,35000,0,1000,34000
2097,175,2026-09-01,35000,0,500,34500
2098,175,2026-10-01,35000,2000,500,36500
2099,175,2026-11-01,35000,2000,2000,35000
2100,175,2026-12-01,35000,0,1500,33500
2101,176,2026-01-01,95000,1000,500,95500
2102,176,2026-02-01,95000,5000,500,99500
2103,176,2026-03-01,95000,0,2000,93000
2104,176,2026-04-01,95000,0,2000,93000
2105,176,2026-05-01,95000,5000,500,99500
2106,176,2026-06-01,95000,5000,500,99500
2107,176,2026-07-01,95000,5000,500,99500
2108,176,2026-08-01,95000,3000,2000,96000
2109,176,2026-09-01,95000,2000,1500,95500
2110,176,2026-10-01,95000,0,1500,93500
2111,176,2026-11-01,95000,1000,2000,94000
2112,176,2026-12-01,95000,3000,500,97500
2113,177,2026-01-01,45000,0,1000,44000
2114,177,2026-02-01,45000,5000,2000,48000
2115,177,2026-03-01,45000,2000,2000,45000
2116,177,2026-04-01,45000,2000,1000,46000
2117,177,2026-05-01,45000,2000,1500,45500
2118,177,2026-06-01,45000,2000,1500,45500
2119,177,2026-07-01,45000,1000,1500,44500
2120,177,2026-08-01,45000,2000,2000,45000
2121,177,2026-09-01,45000,0,1500,43500
2122,177,2026-10-01,45000,3000,1000,47000
2123,177,2026-11-01,45000,0,2000,43000
2124,177,2026-12-01,45000,0,500,44500
2125,178,2026-01-01,65000,2000,1500,65500
2126,178,2026-02-01,65000,2000,1500,65500
2127,178,2026-03-01,65000,2000,1000,66000
2128,178,2026-04-01,65000,0,2000,63000
2129,178,2026-05-01,65000,1000,1000,65000
2130,178,2026-06-01,65000,0,1500,63500
2131,178,2026-07-01,65000,5000,500,69500
2132,178,2026-08-01,65000,2000,500,66500
2133,178,2026-09-01,65000,5000,2000,68000
2134,178,2026-10-01,65000,5000,2000,68000
2135,178,2026-11-01,65000,1000,500,65500
2136,178,2026-12-01,65000,2000,1000,66000
2137,179,2026-01-01,80000,0,500,79500
2138,179,2026-02-01,80000,3000,1500,81500
2139,179,2026-03-01,80000,3000,2000,81000
2140,179,2026-04-01,80000,0,2000,78000
2141,179,2026-05-01,80000,1000,1500,79500
2142,179,2026-06-01,80000,2000,2000,80000
2143,179,2026-07-01,80000,0,1500,78500
2144,179,2026-08-01,80000,3000,500,82500
2145,179,2026-09-01,80000,1000,1000,80000
2146,179,2026-10-01,80000,2000,1500,80500
2147,179,2026-11-01,80000,1000,1500,79500
2148,179,2026-12-01,80000,1000,2000,79000
2149,180,2026-01-01,80000,1000,2000,79000
2150,180,2026-02-01,80000,2000,1500,80500
2151,180,2026-03-01,80000,2000,1000,81000
2152,180,2026-04-01,80000,0,500,79500
2153,180,2026-05-01,80000,3000,1500,81500
2154,180,2026-06-01,80000,2000,2000,80000
2155,180,2026-07-01,80000,1000,1000,80000
2156,180,2026-08-01,80000,5000,2000,83000
2157,180,2026-09-01,80000,3000,500,82500
2158,180,2026-10-01,80000,3000,2000,81000
2159,180,2026-11-01,80000,1000,1000,80000
2160,180,2026-12-01,80000,1000,500,80500
2161,181,2026-01-01,55000,0,2000,53000
2162,181,2026-02-01,55000,1000,1500,54500
2163,181,2026-03-01,55000,3000,2000,56000
2164,181,2026-04-01,55000,1000,500,55500
2165,181,2026-05-01,55000,0,2000,53000
2166,181,2026-06-01,55000,2000,1000,56000
2167,181,2026-07-01,55000,5000,2000,58000
2168,181,2026-08-01,55000,2000,2000,55000
2169,181,2026-09-01,55000,3000,1000,57000
2170,181,2026-10-01,55000,5000,2000,58000
2171,181,2026-11-01,55000,3000,1000,57000
2172,181,2026-12-01,55000,5000,2000,58000
2173,182,2026-01-01,45000,1000,500,45500
2174,182,2026-02-01,45000,5000,1000,49000
2175,182,2026-03-01,45000,5000,1000,49000
2176,182,2026-04-01,45000,1000,2000,44000
2177,182,2026-05-01,45000,2000,1500,45500
2178,182,2026-06-01,45000,3000,1500,46500
2179,182,2026-07-01,45000,0,500,44500
2180,182,2026-08-01,45000,0,1000,44000
2181,182,2026-09-01,45000,1000,1000,45000
2182,182,2026-10-01,45000,2000,1000,46000
2183,182,2026-11-01,45000,3000,500,47500
2184,182,2026-12-01,45000,3000,2000,46000
2185,183,2026-01-01,55000,1000,1000,55000
2186,183,2026-02-01,55000,2000,1500,55500
2187,183,2026-03-01,55000,5000,1500,58500
2188,183,2026-04-01,55000,2000,1000,56000
2189,183,2026-05-01,55000,1000,500,55500
2190,183,2026-06-01,55000,2000,500,56500
2191,183,2026-07-01,55000,2000,2000,55000
2192,183,2026-08-01,55000,5000,500,59500
2193,183,2026-09-01,55000,3000,500,57500
2194,183,2026-10-01,55000,0,2000,53000
2195,183,2026-11-01,55000,0,2000,53000
2196,183,2026-12-01,55000,0,1500,53500
2197,184,2026-01-01,45000,0,2000,43000
2198,184,2026-02-01,45000,2000,1000,46000
2199,184,2026-03-01,45000,1000,2000,44000
2200,184,2026-04-01,45000,0,1500,43500
2201,184,2026-05-01,45000,0,500,44500
2202,184,2026-06-01,45000,3000,1500,46500
2203,184,2026-07-01,45000,3000,1000,47000
2204,184,2026-08-01,45000,3000,1000,47000
2205,184,2026-09-01,45000,2000,500,46500
2206,184,2026-10-01,45000,2000,1000,46000
2207,184,2026-11-01,45000,0,2000,43000
2208,184,2026-12-01,45000,2000,1500,45500
2209,185,2026-01-01,45000,5000,1000,49000
2210,185,2026-02-01,45000,1000,1000,45000
2211,185,2026-03-01,45000,3000,500,47500
2212,185,2026-04-01,45000,0,1000,44000
2213,185,2026-05-01,45000,5000,2000,48000
2214,185,2026-06-01,45000,0,1500,43500
2215,185,2026-07-01,45000,2000,1500,45500
2216,185,2026-08-01,45000,5000,1500,48500
2217,185,2026-09-01,45000,1000,1000,45000
2218,185,2026-10-01,45000,2000,500,46500
2219,185,2026-11-01,45000,5000,2000,48000
2220,185,2026-12-01,45000,1000,1000,45000
2221,186,2026-01-01,80000,2000,2000,80000
2222,186,2026-02-01,80000,2000,1000,81000
2223,186,2026-03-01,80000,2000,1000,81000
2224,186,2026-04-01,80000,5000,500,84500
2225,186,2026-05-01,80000,2000,500,81500
2226,186,2026-06-01,80000,3000,2000,81000
2227,186,2026-07-01,80000,5000,500,84500
2228,186,2026-08-01,80000,3000,1500,81500
2229,186,2026-09-01,80000,2000,1000,81000
2230,186,2026-10-01,80000,0,2000,78000
2231,186,2026-11-01,80000,0,1500,78500
2232,186,2026-12-01,80000,2000,1500,80500
2233,187,2026-01-01,35000,5000,500,39500
2234,187,2026-02-01,35000,1000,1500,34500
2235,187,2026-03-01,35000,3000,1500,36500
2236,187,2026-04-01,35000,3000,500,37500
2237,187,2026-05-01,35000,5000,1000,39000
2238,187,2026-06-01,35000,3000,500,37500
2239,187,2026-07-01,35000,1000,500,35500
2240,187,2026-08-01,35000,2000,2000,35000
2241,187,2026-09-01,35000,1000,1000,35000
2242,187,2026-10-01,35000,1000,2000,34000
2243,187,2026-11-01,35000,5000,2000,38000
2244,187,2026-12-01,35000,0,500,34500
2245,188,2026-01-01,65000,3000,500,67500
2246,188,2026-02-01,65000,1000,500,65500
2247,188,2026-03-01,65000,2000,2000,65000
2248,188,2026-04-01,65000,2000,1000,66000
2249,188,2026-05-01,65000,2000,500,66500
2250,188,2026-06-01,65000,3000,1500,66500
2251,188,2026-07-01,65000,0,2000,63000
2252,188,2026-08-01,65000,1000,2000,64000
2253,188,2026-09-01,65000,3000,500,67500
2254,188,2026-10-01,65000,1000,1500,64500
2255,188,2026-11-01,65000,3000,500,67500
2256,188,2026-12-01,65000,0,1500,63500
2257,189,2026-01-01,55000,2000,1500,55500
2258,189,2026-02-01,55000,1000,500,55500
2259,189,2026-03-01,55000,5000,1500,58500
2260,189,2026-04-01,55000,5000,1000,59000
2261,189,2026-05-01,55000,5000,1500,58500
2262,189,2026-06-01,55000,1000,1500,54500
2263,189,2026-07-01,55000,2000,1000,56000
2264,189,2026-08-01,55000,0,500,54500
2265,189,2026-09-01,55000,0,1000,54000
2266,189,2026-10-01,55000,2000,2000,55000
2267,189,2026-11-01,55000,0,1000,54000
2268,189,2026-12-01,55000,3000,2000,56000
2269,190,2026-01-01,95000,1000,500,95500
2270,190,2026-02-01,95000,3000,500,97500
2271,190,2026-03-01,95000,1000,1000,95000
2272,190,2026-04-01,95000,0,1500,93500
2273,190,2026-05-01,95000,0,500,94500
2274,190,2026-06-01,95000,5000,2000,98000
2275,190,2026-07-01,95000,3000,500,97500
2276,190,2026-08-01,95000,0,1500,93500
2277,190,2026-09-01,95000,5000,500,99500
2278,190,2026-10-01,95000,5000,1000,99000
2279,190,2026-11-01,95000,0,1000,94000
2280,190,2026-12-01,95000,2000,1000,96000
2281,191,2026-01-01,55000,2000,1000,56000
2282,191,2026-02-01,55000,2000,2000,55000
2283,191,2026-03-01,55000,3000,1500,56500
2284,191,2026-04-01,55000,0,2000,53000
2285,191,2026-05-01,55000,1000,1000,55000
2286,191,2026-06-01,55000,5000,500,59500
2287,191,2026-07-01,55000,5000,2000,58000
2288,191,2026-08-01,55000,1000,1500,54500
2289,191,2026-09-01,55000,2000,1000,56000
2290,191,2026-10-01,55000,2000,500,56500
2291,191,2026-11-01,55000,1000,500,55500
2292,191,2026-12-01,55000,1000,1500,54500
2293,192,2026-01-01,65000,1000,2000,64000
2294,192,2026-02-01,65000,3000,2000,66000
2295,192,2026-03-01,65000,2000,500,66500
2296,192,2026-04-01,65000,5000,1000,69000
2297,192,2026-05-01,65000,3000,2000,66000
2298,192,2026-06-01,65000,3000,1000,67000
2299,192,2026-07-01,65000,2000,2000,65000
2300,192,2026-08-01,65000,5000,500,69500
2301,192,2026-09-01,65000,3000,1500,66500
2302,192,2026-10-01,65000,2000,2000,65000
2303,192,2026-11-01,65000,2000,2000,65000
2304,192,2026-12-01,65000,1000,2000,64000
2305,193,2026-01-01,95000,5000,2000,98000
2306,193,2026-02-01,95000,3000,500,97500
2307,193,2026-03-01,95000,3000,500,97500
2308,193,2026-04-01,95000,2000,1500,95500
2309,193,2026-05-01,95000,5000,1500,98500
2310,193,2026-06-01,95000,5000,500,99500
2311,193,2026-07-01,95000,3000,1500,96500
2312,193,2026-08-01,95000,3000,2000,96000
2313,193,2026-09-01,95000,2000,500,96500
2314,193,2026-10-01,95000,0,500,94500
2315,193,2026-11-01,95000,0,2000,93000
2316,193,2026-12-01,95000,1000,2000,94000
2317,194,2026-01-01,45000,5000,1500,48500
2318,194,2026-02-01,45000,2000,500,46500
2319,194,2026-03-01,45000,0,500,44500
2320,194,2026-04-01,45000,1000,500,45500
2321,194,2026-05-01,45000,0,1500,43500
2322,194,2026-06-01,45000,0,500,44500
2323,194,2026-07-01,45000,0,2000,43000
2324,194,2026-08-01,45000,5000,2000,48000
2325,194,2026-09-01,45000,1000,1500,44500
2326,194,2026-10-01,45000,1000,1500,44500
2327,194,2026-11-01,45000,0,500,44500
2328,194,2026-12-01,45000,0,1000,44000
2329,195,2026-01-01,80000,2000,2000,80000
2330,195,2026-02-01,80000,0,1500,78500
2331,195,2026-03-01,80000,2000,2000,80000
2332,195,2026-04-01,80000,1000,1000,80000
2333,195,2026-05-01,80000,3000,1500,81500
2334,195,2026-06-01,80000,2000,2000,80000
2335,195,2026-07-01,80000,5000,500,84500
2336,195,2026-08-01,80000,5000,1500,83500
2337,195,2026-09-01,80000,2000,1500,80500
2338,195,2026-10-01,80000,2000,1000,81000
2339,195,2026-11-01,80000,1000,2000,79000
2340,195,2026-12-01,80000,3000,500,82500
2341,196,2026-01-01,80000,0,2000,78000
2342,196,2026-02-01,80000,0,1000,79000
2343,196,2026-03-01,80000,3000,2000,81000
2344,196,2026-04-01,80000,3000,500,82500
2345,196,2026-05-01,80000,1000,2000,79000
2346,196,2026-06-01,80000,3000,500,82500
2347,196,2026-07-01,80000,2000,1000,81000
2348,196,2026-08-01,80000,1000,500,80500
2349,196,2026-09-01,80000,3000,500,82500
2350,196,2026-10-01,80000,1000,2000,79000
2351,196,2026-11-01,80000,1000,1000,80000
2352,196,2026-12-01,80000,2000,1500,80500
2353,197,2026-01-01,45000,0,1000,44000
2354,197,2026-02-01,45000,0,1000,44000
2355,197,2026-03-01,45000,2000,1500,45500
2356,197,2026-04-01,45000,5000,500,49500
2357,197,2026-05-01,45000,1000,1000,45000
2358,197,2026-06-01,45000,2000,2000,45000
2359,197,2026-07-01,45000,1000,2000,44000
2360,197,2026-08-01,45000,3000,1000,47000
2361,197,2026-09-01,45000,1000,1000,45000
2362,197,2026-10-01,45000,3000,1000,47000
2363,197,2026-11-01,45000,1000,1000,45000
2364,197,2026-12-01,45000,1000,2000,44000
2365,198,2026-01-01,55000,5000,500,59500
2366,198,2026-02-01,55000,0,2000,53000
2367,198,2026-03-01,55000,5000,2000,58000
2368,198,2026-04-01,55000,0,500,54500
2369,198,2026-05-01,55000,2000,1000,56000
2370,198,2026-06-01,55000,5000,1000,59000
2371,198,2026-07-01,55000,0,500,54500
2372,198,2026-08-01,55000,5000,500,59500
2373,198,2026-09-01,55000,2000,500,56500
2374,198,2026-10-01,55000,0,2000,53000
2375,198,2026-11-01,55000,1000,500,55500
2376,198,2026-12-01,55000,5000,500,59500
2377,199,2026-01-01,95000,2000,1000,96000
2378,199,2026-02-01,95000,5000,500,99500
2379,199,2026-03-01,95000,1000,1500,94500
2380,199,2026-04-01,95000,5000,1500,98500
2381,199,2026-05-01,95000,5000,1000,99000
2382,199,2026-06-01,95000,3000,500,97500
2383,199,2026-07-01,95000,5000,1500,98500
2384,199,2026-08-01,95000,5000,2000,98000
2385,199,2026-09-01,95000,3000,1000,97000
2386,199,2026-10-01,95000,2000,500,96500
2387,199,2026-11-01,95000,5000,1000,99000
2388,199,2026-12-01,95000,1000,500,95500
2389,200,2026-01-01,65000,0,1000,64000
2390,200,2026-02-01,65000,0,1500,63500
2391,200,2026-03-01,65000,5000,500,69500
2392,200,2026-04-01,65000,0,2000,63000
2393,200,2026-05-01,65000,0,1000,64000
2394,200,2026-06-01,65000,0,1500,63500
2395,200,2026-07-01,65000,1000,2000,64000
2396,200,2026-08-01,65000,5000,2000,68000
2397,200,2026-09-01,65000,0,500,64500
2398,200,2026-10-01,65000,0,1000,64000
2399,200,2026-11-01,65000,2000,1000,66000
2400,200,2026-12-01,65000,0,1500,63500
